Primary Key,una_btw_imp,una_btw_iprov,una_reach
Hanson2016_1187,3.7518976091144745e-06,4.6295938135860375e-06,0.0
Hanson2016_1249,0.0005019542249418192,0.0005657157106574496,0.0
Hanson2016_164,0.00038161934466552657,0.00043266504996213,0.0
Hanson2016_169,0.0004800337387451549,0.0003943527984156759,172846.0
Hanson2016_1219,0.0011715431239577322,0.001798331032539447,15586.0
Hanson2016_1221,0.2150033773033543,0.20098090617197834,0.0
Hanson2016_1053,0.0,0.0,27470.0
Hanson2016_178,0.0026006109955763576,0.005151970154022908,59846.0
Hanson2016_931,0.14712694110093455,0.13009890005749425,46975.0
Hanson2016_177,0.008782578041877641,0.013171203720013366,0.0
Hanson2016_1063,0.006141640949167058,0.007172456333361461,10728.0
Hanson2016_301,0.011413176070771991,0.009882501085801234,111613.0
Hanson2016_437,1.1172582290451853e-06,9.010613602226515e-07,0.0
Hanson2016_224,0.10315735027032266,0.10124349881499507,18747.0
Hanson2016_384,2.3080837081542505e-05,2.4713981096152777e-05,64072.0
Hanson2016_393,1.424611596096309e-06,1.3858964335109962e-06,2767.0
Hanson2016_392,0.0,0.0,38766.0
Hanson2016_840,0.004914651478541571,0.004244862007521583,0.0
Hanson2016_1309,7.586138413570588e-06,6.1181703746419845e-06,6727.0
Hanson2016_1112,0.003332196156215505,0.0028640487127149024,0.0
Hanson2016_1072,0.009481999758965088,0.008112617023895426,53866.0
Hanson2016_789,0.008316411113714419,0.007098109464892347,223739.0
Hanson2016_1185,3.7518976091144745e-06,4.6295938135860375e-06,0.0
Hanson2016_236,0.010507211949073718,0.010488371136026681,201277.0
Hanson2016_305,0.013936999417682115,0.011967988087019089,22028.0
Hanson2016_904,0.0,0.0,0.0
Hanson2016_1334,0.00029124118350592104,0.00025211599552514314,14346.0
Hanson2016_779,1.7888216244174333e-05,1.442672789683322e-05,0.0
Hanson2016_629,0.0001928191833311601,0.00017944169028707326,27088.0
Hanson2016_965,0.0009854127615092562,0.0008814950356749812,1101174.0
Hanson2016_391,3.825616741792547e-05,3.7165293194174445e-05,67438.0
Hanson2016_620,0.062030321749177754,0.055011838722638706,27758.0
Hanson2016_1294,8.47088973756584e-05,6.831716456230713e-05,1776.0
Hanson2016_960,0.002133996187103454,0.0019193841744455258,0.0
Hanson2016_30,0.003918176044398128,0.0033675492322781855,55115.0
Hanson2016_938,0.14376127620111287,0.1270362678938584,1021452.0
Hanson2016_315,0.006482351426901898,0.005714309530615919,182691.0
Hanson2016_811,1.4390412639256287e-06,1.160577246137168e-06,1122315.0
Hanson2016_1102,0.00032557411193908715,0.0002970337036051698,39032.0
Hanson2016_1019,0.02871914008484098,0.02617166707429298,42290.0
Hanson2016_1366,0.0038206736226491416,0.00332781577564182,168418.0
Hanson2016_568,3.404048296258664e-05,3.405127248213857e-05,23331.0
Hanson2016_1197,4.5361225169779713e-07,4.313315914812144e-07,0.0
Hanson2016_663,0.0,0.0,15094.0
Hanson2016_768,0.0067411741341364025,0.0059705332996385614,316513.0
Hanson2016_669,0.00026128671271738923,0.0003380451861385781,6611.0
Hanson2016_798,4.7739358915414944e-05,3.850147670627849e-05,1127648.0
Hanson2016_778,5.042899030756874e-06,4.067064660604535e-06,0.0
Hanson2016_856,0.00377493036757175,0.0033336449781259086,44721.0
Hanson2016_891,0.00038305969050227867,0.000310060074659519,32726.0
Hanson2016_1021,0.025052014726545533,0.021753070274789663,69879.0
Hanson2016_227,0.029452139030973788,0.027982972717230672,11616.0
Hanson2016_976,0.005510441358467712,0.0048896514209857385,45666.0
Hanson2016_816,0.011719308391502077,0.010252533186468194,0.0
Hanson2016_780,0.0,0.0,1095748.0
Hanson2016_656,0.0013900036146121105,0.0013463385834214827,36399.0
Hanson2016_1362,0.0020215242407133054,0.0017406431031809558,240002.0
Hanson2016_411,0.015713591997546048,0.024315113726091003,0.0
Hanson2016_902,0.001322552658512238,0.0011106626621451884,1119852.0
Hanson2016_1367,0.019558935086935757,0.01826080968447171,199282.0
Hanson2016_1226,0.06522326605066153,0.060688872940687186,7833.0
Hanson2016_744,0.0,0.0,1107051.0
Hanson2016_896,0.00502922502255004,0.004280460854059212,1053681.0
Hanson2016_652,0.04461527465944769,0.048558174057048646,45404.0
Hanson2016_613,0.019144582115413165,0.019528142724126295,73325.0
Hanson2016_194,0.008836859630286666,0.013260863947500923,8512.0
Hanson2016_1059,0.010904681855875785,0.00972405340589706,64922.0
Hanson2016_1071,0.015056951157378757,0.012857647666695629,76405.0
Hanson2016_1341,0.00022337796610568875,0.00020951860969148231,0.0
Hanson2016_634,0.00019591475923853345,0.00017688407705294224,95125.0
Hanson2016_161,0.0013737458940426138,0.0015990301528313578,0.0
Hanson2016_475,0.0016060038633526712,0.0016592690743517905,0.0
Hanson2016_81,0.043283798007600106,0.04570478602275291,0.0
Hanson2016_1074,0.06057352989916709,0.06294666300082828,71375.0
Hanson2016_766,1.9515077008306143e-05,1.5738780325638545e-05,1126231.0
Hanson2016_226,0.0005407511808190836,0.0004777833375509211,6206.0
Hanson2016_758,0.021875540663326826,0.018713869272950264,293105.0
Hanson2016_628,4.026728949554122e-06,3.2475302219379984e-06,43928.0
Hanson2016_775,0.0004892086980026751,0.00041790334473936825,1135046.0
Hanson2016_1009,0.03553781084339855,0.03214523043952025,44175.0
Hanson2016_237,4.865376399841813e-05,5.285398738477526e-05,147338.0
Hanson2016_1013,0.062165798049685875,0.06451861242888945,63521.0
Hanson2016_611,0.0,0.0,0.0
Hanson2016_761,0.0,0.0,0.0
Hanson2016_810,0.00035593669800711424,0.0003090517006996921,0.0
Hanson2016_786,4.7908704485984146e-05,3.863805278707869e-05,1096551.0
Hanson2016_770,0.03020369566678065,0.025413197141172295,1148423.0
Hanson2016_929,0.1952220051956002,0.17283224071490796,97414.0
Hanson2016_560,0.0007457186428454905,0.0006966514251901926,5609.0
Hanson2016_1385,0.2422907142353791,0.2276964784649643,4096.0
Hanson2016_249,1.5730442361244817e-07,1.2686497554858492e-07,13256.0
Hanson2016_1177,0.0,0.0,8195.0
Hanson2016_839,0.0016217739532305227,0.0014345467902001383,38900.0
Hanson2016_1319,8.310449586179811e-05,6.702322537005996e-05,27240.0
Hanson2016_638,0.00490560793519561,0.004474347172816641,4072.0
Hanson2016_1244,0.002371187366146452,0.0027176193128556425,29750.0
Hanson2016_1273,0.21925564306850687,0.2049317844561185,14877.0
Hanson2016_648,0.00231759169696334,0.002066763096285162,0.0
Hanson2016_821,0.0021429708588051686,0.0018306096439384843,312152.0
Hanson2016_223,0.10356636924606628,0.10166106529051545,47365.0
Hanson2016_1067,0.00042174096354087885,0.0003670932124999771,54757.0
Hanson2016_174,0.0002811096411528298,0.0002873180549881485,83831.0
Hanson2016_1201,0.0,0.0,0.0
Hanson2016_760,0.025733798759600652,0.021552602141313233,299716.0
Hanson2016_1245,0.00035524616829897657,0.0003320491624983464,0.0
Hanson2016_1103,0.0022803045059189408,0.0020081320723895424,0.0
Hanson2016_659,0.0004030604105714774,0.0004410513107836534,0.0
Hanson2016_1050,0.010227883252875975,0.010040877705106414,9192.0
Hanson2016_607,0.003149833288763467,0.002936921344466152,27733.0
Hanson2016_230,0.004021669421798677,0.0049011898577970715,0.0
Hanson2016_225,0.0031307522112444335,0.003080629631400966,14873.0
Hanson2016_48,0.05516199894003412,0.055893912754799394,0.0
Hanson2016_202,0.0023894389037921564,0.0031282176665526724,43737.0
Hanson2016_211,0.00024202574173916365,0.00029917070112849686,52013.0
Hanson2016_633,0.0015304456575330363,0.0014625813470493239,80934.0
Hanson2016_276,0.0,0.0,126364.0
Hanson2016_176,0.0,0.0,0.0
Hanson2016_1065,0.07526350940050715,0.07790712852138014,68078.0
Hanson2016_1188,1.2639839310608817e-06,1.0193946668843294e-06,0.0
Hanson2016_1214,0.00036867460022841926,0.0003167020864008633,3552.0
Hanson2016_445,0.0,0.0,0.0
Hanson2016_853,3.916887566301988e-05,3.158943874011531e-05,4067.0
Hanson2016_788,6.97362090255429e-06,5.624179059753028e-06,1109817.0
Hanson2016_1235,0.036386877204886384,0.03519497671615289,0.0
Hanson2016_675,0.0003197254720752965,0.00039198280891650927,0.0
Hanson2016_247,0.0,0.0,0.0
Hanson2016_873,0.03105337959628207,0.027110221796023314,238011.0
Hanson2016_871,0.00011647182928455263,9.393375872688697e-05,113260.0
Hanson2016_654,0.002167714125098185,0.0018883387951456481,482.0
Hanson2016_809,0.0,0.0,1136587.0
Hanson2016_1284,0.0004158424192490853,0.00037246137084226915,6197.0
Hanson2016_833,0.00961940132968599,0.008506729733228989,74524.0
Hanson2016_658,0.00117098793051743,0.001066672749619233,56243.0
Hanson2016_624,0.000427181734481659,0.0003653360477464709,3827.0
Hanson2016_57,0.0001223899511010869,0.0001966951515902678,220193.0
Hanson2016_1069,0.0036454104040053903,0.0034574233958382414,37389.0
Hanson2016_397,1.8894446286808475e-05,1.5238245760243963e-05,30871.0
Hanson2016_1183,0.0,0.0,0.0
Hanson2016_180,0.006906479120278091,0.011501721035650666,0.0
Hanson2016_743,0.0048561887505927425,0.004216938477282961,283425.0
Hanson2016_1286,0.002131267967148568,0.00253439886429768,21253.0
Hanson2016_459,0.0005851319196969579,0.0005280757879851243,10287.0
Hanson2016_1256,6.572016551450273e-05,5.4913897920158624e-05,0.0
Hanson2016_1279,0.006183577432935824,0.005742947230267991,0.0
Hanson2016_797,0.0001485574070394173,0.00012838321795042318,1090951.0
Hanson2016_405,7.524083396919351e-06,6.068123414808726e-06,38651.0
Hanson2016_745,0.00031870413504327426,0.00027213641090496286,1065041.0
Hanson2016_754,0.006801463141919172,0.006150531103217747,0.0
Hanson2016_1357,0.000257832027786827,0.00022264869068061775,122585.0
Hanson2016_835,0.0,0.0,0.0
Hanson2016_952,0.004032256552930251,0.003546023905923316,64872.0
Hanson2016_831,0.011018990416718558,0.009649958012483355,85411.0
Hanson2016_987,0.06985722619253154,0.06385193590857459,18064.0
Hanson2016_609,0.0,0.0,6614.0
Hanson2016_1168,0.0016868139498175045,0.001922735963137726,0.0
Hanson2016_749,0.013628186115632867,0.011953303057816384,1117264.0
Hanson2016_1194,0.0016838595862257218,0.0019203532884727302,18035.0
Hanson2016_386,5.0024881675701785e-06,5.336481232302733e-06,59446.0
Hanson2016_1323,0.0569596974972244,0.05375049582584952,157128.0
Hanson2016_390,4.896137531761062e-05,5.609655545820738e-05,13438.0
Hanson2016_496,0.0004343636084595317,0.0003747840419651608,15833.0
Hanson2016_632,0.026653554939927555,0.025671677990129236,76580.0
Hanson2016_1073,0.0037652689481488017,0.003551835752503058,67789.0
Hanson2016_1355,0.024861972290848643,0.021434985995738728,127205.0
Hanson2016_14,0.0,0.0,193846.0
Hanson2016_589,0.019082684608158235,0.01778006820849453,40874.0
Hanson2016_408,2.743217482095346e-05,3.643529480060441e-05,55218.0
Hanson2016_690,0.0022803598416418565,0.00196052675390097,378.0
Hanson2016_660,0.0061588365241053485,0.005253012998359462,15094.0
Hanson2016_402,0.0,0.0,54805.0
Hanson2016_458,0.0,0.0,6005.0
Hanson2016_1348,0.0003896879067063263,0.00033329431816828044,0.0
Hanson2016_1298,0.00016956900924262514,0.00013675628261010356,113772.0
Hanson2016_756,0.0008372169520520472,0.0006925808283008293,311143.0
Hanson2016_1253,0.0002664099292888155,0.000353651628079786,21055.0
Hanson2016_1352,0.015748541753304864,0.013616780673345985,223449.0
Hanson2016_212,0.002150051789560419,0.0046919079904752655,0.0
Hanson2016_49,0.04162576249740843,0.044393259506378964,0.0
Hanson2016_804,0.009834868795170093,0.008606912607492008,178283.0
Hanson2016_1107,1.6875316773225374e-07,1.3609831183669554e-07,24809.0
Hanson2016_1169,0.0,0.0,41486.0
Hanson2016_294,0.0027989257924280163,0.004301343380104559,157348.0
Hanson2016_193,0.002069582685300815,0.004577896050753382,0.0
Hanson2016_387,4.949365852674322e-05,4.757602445699551e-05,27414.0
Hanson2016_375,0.0,0.0,0.0
Hanson2016_1360,0.009314245353857014,0.008043009616489119,160531.0
Hanson2016_681,1.4140547956171231e-05,1.4449369397093628e-05,0.0
Hanson2016_1046,0.0091142969099754,0.008088482536781986,87444.0
Hanson2016_1068,0.006830732823238828,0.005684717856740483,42634.0
Hanson2016_1145,2.2938297575448952e-06,1.8499585035224722e-06,41831.0
Hanson2016_245,0.0010374358354089265,0.0009499625535485063,82404.0
Hanson2016_1020,0.021799445320163636,0.018650269335332977,43379.0
Hanson2016_527,0.0,0.0,0.0
Hanson2016_998,0.020396685970193774,0.01834668633756706,1065167.0
Hanson2016_879,0.02529849381950944,0.02232905797492271,0.0
Hanson2016_1368,0.010652470433240451,0.010578785593977546,189014.0
Hanson2016_409,2.059037871001896e-06,1.6606004024517112e-06,0.0
Hanson2016_1143,0.0004407430328040853,0.0003772608621973508,47548.0
Hanson2016_812,0.029205915375491765,0.025410637580611614,294362.0
Hanson2016_1369,0.0,0.0,51726.0
Hanson2016_707,0.0026534849641440695,0.0023181791115534723,0.0
Hanson2016_792,0.000257416321511137,0.00020760455799243507,1135857.0
Hanson2016_1193,0.0013617337957421247,0.0015512843771739828,43875.0
Hanson2016_465,2.9386757747273176e-07,2.370022544467704e-07,0.0
Hanson2016_1014,0.011178214003197512,0.01005758532906608,90195.0
Hanson2016_884,0.028276821621963696,0.02494416671593778,63352.0
Hanson2016_644,0.0002140332736425849,0.0002396826193260712,21361.0
Hanson2016_543,0.06382041566843653,0.05916579880663103,0.0
Hanson2016_1380,0.2419502797617235,0.22744585244738533,0.0
Hanson2016_83,0.009309082705067135,0.007994211449076841,82343.0
Hanson2016_198,0.000883425912667574,0.0010563582821769754,69361.0
Hanson2016_990,0.002211670434550157,0.002003051224088092,1144410.0
Hanson2016_845,0.007368388854936258,0.006387560205517679,70789.0
Hanson2016_1254,0.0011319564610493805,0.0012153040711214414,64476.0
Hanson2016_553,0.00528472430930496,0.005221643538487789,0.0
Hanson2016_972,0.020754594074519614,0.018766207637169498,44265.0
Hanson2016_424,0.0009788850457212559,0.0008291185363686523,0.0
Hanson2016_537,0.06453504663383193,0.059901810806634675,0.0
Hanson2016_971,0.06991898249650566,0.0638883235002029,77533.0
Hanson2016_1320,4.667507929502341e-05,3.764314224296753e-05,68099.0
Hanson2016_1359,0.010481951630568923,0.0090507604245668,80108.0
Hanson2016_513,1.097456279180716e-05,8.850912188389646e-06,0.0
Hanson2016_469,0.0,0.0,0.0
Hanson2016_399,5.8328511460846394e-05,4.704155808419396e-05,51171.0
Hanson2016_814,0.0006507930633604346,0.0005607601176949306,0.0
Hanson2016_824,0.0010235446397348388,0.0008512076443369888,0.0
Hanson2016_870,0.004169250131703552,0.003598094243687173,30275.0
Hanson2016_773,0.029788192655739093,0.025049725744778966,0.0
Hanson2016_400,0.0,0.0,0.0
Hanson2016_784,0.01778451967604253,0.015285008075867993,324799.0
Hanson2016_351,1.5091056423246448e-05,1.2170837031603806e-05,6315.0
Hanson2016_676,0.00010486219147568208,0.00016464638493259186,15579.0
Hanson2016_1049,0.26647504404165806,0.24628123409769848,91968.0
Hanson2016_100,0.033329479539701244,0.03732126274330283,280684.0
Hanson2016_774,0.009670616966283484,0.008461026137204572,298207.0
Hanson2016_787,0.011429012726766158,0.009788175097838971,293641.0
Hanson2016_1191,0.0016295439875920476,0.0018376123087916565,17150.0
Hanson2016_1361,8.328297864585736e-06,6.716717055300858e-06,101159.0
Hanson2016_740,0.0011276999882369183,0.0009765217854815396,310908.0
Hanson2016_379,0.21724757891604987,0.20620550259295461,59495.0
Hanson2016_210,0.0003191318037957421,0.0003617131079013114,81516.0
Hanson2016_645,0.028092679050722054,0.026864078241061854,9142.0
Hanson2016_714,0.0,0.0,0.0
Hanson2016_679,0.014360079762715,0.013338283585390036,12211.0
Hanson2016_64,0.04252485989735344,0.04511776224161612,61191.0
Hanson2016_1365,0.005173408181393519,0.0044607464339814825,239694.0
Hanson2016_1155,0.0017722734597139299,0.0015769904650361057,42040.0
Hanson2016_208,0.0004568326484153448,0.0006691979966286542,0.0
Hanson2016_1242,6.321712433954829e-06,5.098419198526587e-06,49525.0
Hanson2016_420,0.0,0.0,0.0
Hanson2016_235,0.0,0.0,42924.0
Hanson2016_828,0.0022533078703716293,0.001948042416576855,45656.0
Hanson2016_239,0.0016255504773918772,0.0014039052055449157,0.0
Hanson2016_1233,0.0008938345824445171,0.0010314826655420343,0.0
Hanson2016_1048,0.0064461907448596185,0.0058505015628093964,59029.0
Hanson2016_800,0.0008629142036652813,0.0007422178796130477,170422.0
Hanson2016_447,1.4407955679416674e-07,1.161992080704363e-07,21569.0
Hanson2016_398,5.5323865967611094e-05,5.7337510756439486e-05,9309.0
Hanson2016_1272,0.03242322049270085,0.032006328370708104,11140.0
Hanson2016_1165,4.613637227652787e-06,3.7208678601324087e-06,0.0
Hanson2016_197,0.0010699178386283344,0.0012226886715326027,0.0
Hanson2016_1104,0.002340908141151154,0.0020641112586707935,0.0
Hanson2016_1255,0.0007313368973039441,0.000917785210598273,54523.0
Hanson2016_385,1.614498056916097e-05,1.9190468135455054e-05,91257.0
Hanson2016_382,0.0014791411370113816,0.0012583813982175673,0.0
Hanson2016_321,0.006635224513684595,0.007604578582991939,0.0
Hanson2016_748,0.0,0.0,1086398.0
Hanson2016_819,3.7982403717859385e-05,3.0632556976365874e-05,84889.0
Hanson2016_1002,0.003074024828331186,0.0027193840095915862,1155750.0
Hanson2016_651,0.03546373271560515,0.03564868150394122,2419.0
Hanson2016_1075,0.0061509888066707714,0.005668336756589996,65368.0
Hanson2016_687,6.1136031980442864e-06,5.870219831915192e-06,13422.0
Hanson2016_907,0.00033621441749430653,0.0002922891729635838,41797.0
Hanson2016_1282,0.0013703168599950924,0.0011763137980859715,2877.0
Hanson2016_251,0.130195315163539,0.1145158069677893,1487.0
Hanson2016_975,0.0024904667658774827,0.002054012299877347,1133857.0
Hanson2016_1370,0.0,0.0,0.0
Hanson2016_861,0.0030208947927562613,0.0025534706776617843,98148.0
Hanson2016_207,0.000920089254622137,0.0009245224281818204,177285.0
Hanson2016_1364,0.0017754698630102817,0.0015230237132383088,0.0
Hanson2016_396,1.543656392564843e-05,1.5905417336841166e-05,6383.0
Hanson2016_841,0.0028533317334367278,0.0025243275720712535,45729.0
Hanson2016_1263,0.00013049263917969315,0.00014733753112947467,0.0
Hanson2016_511,0.002022661585938448,0.0017925938242743143,42121.0
Hanson2016_146,0.0,0.0,0.0
Hanson2016_183,0.008640362202273197,0.013966366583972524,0.0
Hanson2016_1140,3.4136108818646235e-06,2.7530545620706143e-06,16969.0
Hanson2016_1330,0.0008664920714887951,0.0007451065974290432,13121.0
Hanson2016_759,0.028496848062074254,0.02446620030755087,305576.0
Hanson2016_410,0.00027386600391403977,0.00024704546609812254,0.0
Hanson2016_670,0.009816413983656786,0.009092335978956551,22209.0
Hanson2016_643,0.0002479355349651147,0.00026879816255793955,6697.0
Hanson2016_1358,0.0,0.0,155476.0
Hanson2016_529,0.0002835688607435746,0.0002447227574192462,2538.0
Hanson2016_39,0.009661052782423183,0.008297906861785557,79305.0
Hanson2016_334,0.00018248407928824086,0.00015663534288115334,6107.0
Hanson2016_596,0.002420553043616375,0.002658152196247965,25666.0
Hanson2016_1325,0.004841504013679236,0.0041884432178812565,0.0
Hanson2016_693,0.0009321341971486916,0.0008012032374832215,826.0
Hanson2016_1252,0.0017623874073468774,0.002039702215796588,88748.0
Hanson2016_1230,0.0008938345824445171,0.0010314826655420343,0.0
Hanson2016_747,0.02604658001518686,0.02182075147534468,282091.0
Hanson2016_451,3.9071304256558745e-06,3.1510748047185858e-06,0.0
Hanson2016_1042,0.18989820739779395,0.16859709438739642,0.0
Hanson2016_1066,0.06953134503793164,0.07117307266672343,83717.0
Hanson2016_978,0.0021399196680595965,0.0019241614225953615,0.0
Hanson2016_325,7.025432037557837e-06,6.7116317965256805e-06,0.0
Hanson2016_550,0.0037229187068097487,0.0031670301072915566,6259.0
Hanson2016_571,0.000155407461777742,0.0001506248511654387,0.0
Hanson2016_822,0.0005978827844487163,0.0005159015920308434,37290.0
Hanson2016_1171,3.385455504995613e-05,4.4466582353178136e-05,15255.0
Hanson2016_172,0.00047336726189370945,0.0005308064128838373,79818.0
Hanson2016_564,0.01687396763120212,0.017659312249904358,9938.0
Hanson2016_1092,2.4046081046767625e-05,2.0746581906363167e-05,4922.0
Hanson2016_708,0.0022884661031699317,0.0019698589314770406,9648.0
Hanson2016_209,0.0004051262255506015,0.00045590940161543595,0.0
Hanson2016_637,0.0419809725506867,0.04680405642205961,44149.0
Hanson2016_820,0.001635003453681369,0.001445216294672254,0.0
Hanson2016_934,0.0030818571325158272,0.0026856014146563923,987591.0
Hanson2016_438,7.7858465962878e-06,6.279233700996314e-06,0.0
Hanson2016_60,0.0,0.0,85732.0
Hanson2016_1023,0.02152242152056891,0.018365939739024492,30869.0
Hanson2016_1081,0.0018307423620630688,0.0015733864625112235,0.0
Hanson2016_1351,0.009453269545900344,0.008163704359699903,193675.0
Hanson2016_1324,0.08674830944106784,0.07949567138025747,57943.0
Hanson2016_647,0.025623292893578602,0.028498618711143887,101046.0
Hanson2016_1192,0.0,0.0,0.0
Hanson2016_167,0.0,0.0,0.0
Hanson2016_412,0.016299592478549434,0.015741614034395772,1487.0
Hanson2016_616,9.800227319734294e-06,9.874588617552566e-06,4687.0
Hanson2016_1288,0.030641607900354327,0.030963640781459894,0.0
Hanson2016_192,0.0,0.0,0.0
Hanson2016_627,0.0,0.0,0.0
Hanson2016_570,0.015570848727207444,0.013701266999574732,75608.0
Hanson2016_1164,0.0015477493253996096,0.0017408358607678106,0.0
Hanson2016_1175,0.0005313979988398091,0.0006396224791131354,0.0
Hanson2016_538,0.00013984353958036946,0.00024609595226341335,0.0
Hanson2016_691,0.0042090390181096955,0.003989186842196805,6323.0
Hanson2016_27,0.03872580998080596,0.04190589959786454,200665.0
Hanson2016_1122,0.0003676865753871052,0.00032919929211047976,20544.0
Hanson2016_394,3.194839341389623e-05,2.8089972365160512e-05,19651.0
Hanson2016_427,1.2937111381048703e-06,1.0433694624314322e-06,0.0
Hanson2016_1290,0.010453034362088087,0.009475319544002362,0.0
Hanson2016_1190,0.0,0.0,0.0
Hanson2016_619,0.00026277600894232853,0.0002241011886958478,3272.0
Hanson2016_1291,0.006620798622679449,0.005500903083237352,0.0
Hanson2016_481,0.0008752242516650742,0.0013619991918984644,56835.0
Hanson2016_1157,0.0,0.0,75517.0
Hanson2016_547,1.5173342767091596e-06,1.223720042279245e-06,1828.0
Hanson2016_851,0.0025157695285213098,0.0021167496068943406,51503.0
Hanson2016_1179,5.4179706429907495e-05,6.792777266257447e-05,0.0
Hanson2016_826,0.001008351256169893,0.0008389542811434912,46472.0
Hanson2016_80,0.009661682248133567,0.00829841452171096,0.0
Hanson2016_1162,0.0008496278941056005,0.0007682910426438623,78502.0
Hanson2016_404,2.519023060728968e-05,2.0315754107020086e-05,8283.0
Hanson2016_517,0.00528472430930496,0.005221643538487789,0.0
Hanson2016_21,0.0,0.0,204772.0
Hanson2016_646,0.006285532928965942,0.005690259807310415,3868.0
Hanson2016_1132,0.003332196156215505,0.0028640487127149024,0.0
Hanson2016_777,0.0003430509580480352,0.00030208848324513585,296262.0
Hanson2016_1322,1.3640515054227427e-05,1.100098502689358e-05,15533.0
Hanson2016_1387,0.21375243986546205,0.19985093634097761,0.0
Hanson2016_790,0.016342769132888534,0.014032566836391633,322510.0
Hanson2016_558,0.003104559786518098,0.0026199237015365087,0.0
Hanson2016_572,5.474640573215735e-05,5.326591570071078e-05,0.0
Hanson2016_992,0.011239474872459698,0.010176665840231325,217474.0
Hanson2016_794,0.005815425241149632,0.005209404330315114,299759.0
Hanson2016_1034,0.04641269579717156,0.04153050930105526,44468.0
Hanson2016_893,0.0011733746729727518,0.0010192118874418044,0.0
Hanson2016_1182,0.0,0.0,0.0
Hanson2016_190,0.0,0.0,57497.0
Hanson2016_1032,0.05006185297168251,0.044853805780415576,37062.0
Hanson2016_1283,4.4731617894048023e-07,4.768712052878287e-07,12069.0
Hanson2016_846,0.007368388854936258,0.006387560205517679,70789.0
Hanson2016_823,0.0010107027468458296,0.0008408507427957101,0.0
Hanson2016_1243,0.0003076017562995874,0.0003868725636804145,0.0
Hanson2016_1281,0.1900083072277033,0.17552633735225992,11860.0
Hanson2016_1222,0.004696623772536812,0.0045342221593311655,0.0
Hanson2016_874,0.0024936100058131827,0.0021490620102035027,1027201.0
Hanson2016_264,0.016715903788679907,0.01612760844636232,2290.0
Hanson2016_444,0.00042100705501413224,0.0003585058305406813,15411.0
Hanson2016_1234,0.0008957379473557162,0.0010315746607853944,0.0
Hanson2016_1316,7.802517679949902e-05,6.292678819528846e-05,25880.0
Hanson2016_742,0.0,0.0,1142151.0
Hanson2016_764,0.00018549974911637025,0.0001496043187818823,164088.0
Hanson2016_1202,0.0,0.0,2232.0
Hanson2016_765,0.00018549974911637025,0.0001496043187818823,164088.0
Hanson2016_1349,3.969116054799557e-05,3.4925063174571614e-05,93339.0
Hanson2016_1237,0.035510258568469844,0.0346505493072182,3476.0
Hanson2016_1121,9.24323924465711e-05,8.174422590311167e-05,0.0
Hanson2016_1022,0.18294675976269337,0.1623757980707878,27730.0
Hanson2016_667,0.01878107000165592,0.017021006077885162,6485.0
Hanson2016_498,0.001296906416007923,0.001119138844567859,26326.0
Hanson2016_606,0.0,0.0,41573.0
Hanson2016_963,0.02107828494513343,0.01889503781862587,1128715.0
Hanson2016_865,0.0,0.0,19640.0
Hanson2016_389,1.120592000799406e-05,1.243137097715504e-05,17293.0
Hanson2016_1271,0.0016566716830478721,0.0019151529199269701,12232.0
Hanson2016_546,0.0,0.0,0.0
Hanson2016_1246,5.84949135784762e-05,4.908678009889072e-05,46778.0
Hanson2016_1228,0.0,0.0,14492.0
Hanson2016_1227,0.0,0.0,14492.0
Hanson2016_515,0.0015522922439137475,0.0013782495074711025,0.0
Hanson2016_213,5.9355372081832505e-05,7.321825752891859e-05,0.0
Hanson2016_563,0.002159803009353651,0.0017737639327838602,0.0
Hanson2016_419,2.1869567128223496e-05,1.763766100955761e-05,0.0
Hanson2016_1101,1.1909589336435847e-05,1.1037384161708214e-05,37085.0
Hanson2016_1110,0.0010617136797247315,0.0009628582429941642,0.0
Hanson2016_1011,0.012035692016861948,0.010779819489593993,84010.0
Hanson2016_555,0.06867471804972441,0.0631453511230379,6627.0
Hanson2016_1204,1.8327398233919063e-07,2.95618505242255e-07,0.0
Hanson2016_1331,0.07025499801603814,0.0652150719026164,0.0
Hanson2016_1167,3.10915025212062e-05,3.543909618370114e-05,1211.0
Hanson2016_661,0.0006943971277418421,0.000594924205050626,18454.0
Hanson2016_592,6.607690130014028e-06,5.521484194003781e-06,15425.0
Hanson2016_262,0.0,0.0,16360.0
Hanson2016_170,0.0,0.0,0.0
Hanson2016_1211,0.0059911586018788964,0.006005985631208879,8024.0
Hanson2016_457,0.003095810898475751,0.0027835870392707027,14529.0
Hanson2016_65,0.0,0.0,2077.0
Hanson2016_1225,0.21913038577259936,0.20470468557573715,39275.0
Hanson2016_463,0.0032188548403057618,0.002894946423882117,0.0
Hanson2016_556,7.810627272422521e-06,1.1374718261989524e-05,0.0
Hanson2016_587,0.0011600902566191217,0.00126066900997781,8359.0
Hanson2016_566,0.013829226420325968,0.011775591370895837,8730.0
Hanson2016_426,0.0027841350432075895,0.002504979829302785,0.0
Hanson2016_806,0.004538601364307157,0.003940141747737388,326776.0
Hanson2016_388,0.0,0.0,0.0
Hanson2016_1342,9.683498901125808e-05,9.086197248720824e-05,133467.0
Hanson2016_1262,1.3904015840198893e-05,1.1213496665165508e-05,16103.0
Hanson2016_492,0.0033857827529446155,0.00292220565026494,17412.0
Hanson2016_290,0.013394450647162402,0.013436357648862833,34051.0
Hanson2016_817,0.0002566157144604279,0.00020695887370982097,259476.0
Hanson2016_1383,0.0005783497633052594,0.0005157473872567354,8295.0
Hanson2016_432,0.0,0.0,39221.0
Hanson2016_347,5.158579023773265e-05,5.033126965816757e-05,55661.0
Hanson2016_1160,0.06651001027982323,0.06202348491449817,4329.0
Hanson2016_562,0.014864572948303815,0.012711296425400816,0.0
Hanson2016_1186,0.0016060519737523152,0.0018306297785065438,10567.0
Hanson2016_838,0.0016217739532305227,0.0014345467902001383,38900.0
Hanson2016_1241,0.00032355080796864764,0.0005008830641802986,46946.0
Hanson2016_1206,0.0011904825632768836,0.0016354716092753306,0.0
Hanson2016_805,0.035713037523022115,0.030766865292876318,314471.0
Hanson2016_1088,0.0005682591362878772,0.0008035076240296687,0.0
Hanson2016_1149,0.0007170431494587979,0.0006587955120685658,101067.0
Hanson2016_1044,0.19728167643066571,0.17541277338385958,78034.0
Hanson2016_1012,0.010902953445882808,0.009848294709811934,97257.0
Hanson2016_1299,8.066240047445906e-05,6.505369161832404e-05,0.0
Hanson2016_413,0.0034321919545284513,0.003787891807443162,0.0
Hanson2016_439,0.0008219957592139481,0.0006999651641182648,0.0
Hanson2016_23,0.0002444766808633487,0.00024378429736994083,0.0
Hanson2016_608,0.009995384261042177,0.0084316071537273,55477.0
Hanson2016_1347,0.0600737310234687,0.056432103672312585,42598.0
Hanson2016_585,0.0050211288497758536,0.004277329818751221,77395.0
Hanson2016_441,0.001088379159279467,0.0009456350701713155,11815.0
Hanson2016_1297,1.460206615111076e-06,1.1776469616540972e-06,90393.0
Hanson2016_471,0.0,0.0,0.0
Hanson2016_855,0.0,0.0,0.0
Hanson2016_191,0.00880168105456834,0.013251488614628656,5028.0
Hanson2016_595,0.0,0.0,4096.0
Hanson2016_431,0.0005442869818540924,0.0004920732863035788,0.0
Hanson2016_583,0.0012506447337320196,0.0011672612643548147,15100.0
Hanson2016_383,2.0004756873728995e-05,1.6133703893119128e-05,50449.0
Hanson2016_722,0.005307623625540419,0.004869612836027122,0.0
Hanson2016_586,0.0002482370875742304,0.0002370103328167393,0.0
Hanson2016_181,6.018091413744135e-05,6.063632736831963e-05,86242.0
Hanson2016_635,0.0007030323476396386,0.00072171000055494,42281.0
Hanson2016_493,0.0033857827529446155,0.00292220565026494,17412.0
Hanson2016_1210,0.003598828814076945,0.0033682769220774516,528.0
Hanson2016_1268,0.2193742211478699,0.20490605749504323,18331.0
Hanson2016_1218,0.00027831667672649865,0.00030751172129705285,1347.0
Hanson2016_1363,0.0031683153020071785,0.002730977005616007,198832.0
Hanson2016_1275,0.0,0.0,0.0
Hanson2016_782,0.009104588880151374,0.007966429544505391,290046.0
Hanson2016_1008,0.1952108879406125,0.17286731108894515,82965.0
Hanson2016_551,0.008468017062404055,0.007909498649850985,0.0
Hanson2016_1287,0.010330471908816476,0.0093382494537454,0.0
Hanson2016_1289,0.01031966088348246,0.009359925955225609,0.0
Hanson2016_179,6.572016551450273e-05,5.4913897920158624e-05,0.0
Hanson2016_771,0.009335919985849294,0.008169537272609537,285946.0
Hanson2016_859,0.00026312390605141546,0.00022443238203739106,49988.0
Hanson2016_863,0.004141533581005622,0.00366169799740888,41016.0
Hanson2016_1250,0.0,0.0,64679.0
Hanson2016_1267,0.0,0.0,8673.0
Hanson2016_1051,0.0005659044225725607,0.0005145772490466722,47700.0
Hanson2016_507,0.005331279151556953,0.00526102404857309,0.0
Hanson2016_1269,7.052531593018451e-05,0.00012554184013885224,4315.0
Hanson2016_298,0.0,0.0,4838.0
Hanson2016_1091,6.057488988636619e-06,5.23799080282747e-06,2161.0
Hanson2016_1045,0.2668558950048932,0.24680470575999924,47153.0
Hanson2016_1130,9.133910584052624e-05,7.8135193552947e-05,41646.0
Hanson2016_510,0.005412573109036899,0.0053373503539915264,0.0
Hanson2016_1326,0.0003896879067063263,0.00033329431816828044,0.0
Hanson2016_673,0.012223366241458285,0.012059776409460626,6408.0
Hanson2016_590,0.015164945352557937,0.013443319598352663,26759.0
Hanson2016_377,0.22903008781334885,0.2159554312361262,60761.0
Hanson2016_731,0.024854067076371392,0.025332894843629192,1157.0
Hanson2016_581,0.009871012098293776,0.008897252011808925,38668.0
Hanson2016_582,0.0007447433520018575,0.0006357968709822507,48963.0
Hanson2016_499,0.002641919468029186,0.00251586716276562,4463.0
Hanson2016_320,0.0023155709341626017,0.0019139485197538966,0.0
Hanson2016_1147,0.00023729159835091028,0.00020560518235107517,9642.0
Hanson2016_601,0.003387552800768751,0.003308892679912619,70063.0
Hanson2016_576,0.0024524464158446617,0.0021463392258972945,22497.0
Hanson2016_1260,0.0,0.0,51219.0
Hanson2016_626,0.0023211968535461432,0.0021010110217012054,98449.0
Hanson2016_71,4.315998111659342e-05,3.480823884854e-05,0.0
Hanson2016_1381,0.2369776389886208,0.2223724308249604,0.0
Hanson2016_89,0.04340406033448827,0.04582405456237544,0.0
Hanson2016_1212,0.00038236310540296233,0.0005721143733481566,4279.0
Hanson2016_1128,0.003074597547008423,0.0027259239697931033,38990.0
Hanson2016_561,0.0025051480508090974,0.0026068331085917096,0.0
Hanson2016_672,0.006273682409973322,0.005681407333483708,0.0
Hanson2016_979,0.06764819375536936,0.0616239201448854,1049744.0
Hanson2016_341,0.01999200925975605,0.019811979556306713,0.0
Hanson2016_231,0.002371741231228491,0.0020441356202687984,76511.0
Hanson2016_234,0.0023749413358953,0.0020492973466968854,0.0
Hanson2016_903,0.0036060532677974736,0.0030345507048637793,0.0
Hanson2016_520,4.655484225199322e-05,3.938051008530122e-05,0.0
Hanson2016_1141,0.003502496038954932,0.0030212943402320325,0.0
Hanson2016_1274,0.1894144662885151,0.1750236633848833,3277.0
Hanson2016_753,0.0067411741341364025,0.0059705332996385614,316513.0
Hanson2016_536,5.4214140326250145e-05,5.246638460721287e-05,0.0
Hanson2016_15,0.007976479685250124,0.006850196376073335,79223.0
Hanson2016_801,0.00047422431473633815,0.0004132144262993894,299943.0
Hanson2016_472,0.0,0.0,0.0
Hanson2016_625,0.0002522911517476486,0.0002156815985984153,54458.0
Hanson2016_1353,0.01403290804583285,0.012119253091542912,94277.0
Hanson2016_1333,0.0046256333806757675,0.003990943638296932,30866.0
Hanson2016_45,0.04311637478415485,0.045625697783995674,0.0
Hanson2016_854,0.0010400795866805218,0.0008621502380689743,0.0
Hanson2016_1270,0.22157944153757678,0.206868933429999,22247.0
Hanson2016_162,0.0,0.0,0.0
Hanson2016_668,0.010821915785827654,0.01000487507246634,11228.0
Hanson2016_339,0.003769534269553535,0.0032534811707631063,62884.0
Hanson2016_604,0.010539062675734536,0.009332490736112023,47726.0
Hanson2016_99,0.04340406033448827,0.04582405456237544,0.0
Hanson2016_1213,0.005454407045633309,0.005220018695794334,13271.0
Hanson2016_1264,0.0002537746790719775,0.00029548482034441717,30225.0
Hanson2016_1216,0.0010213996069585883,0.001489685815281426,6997.0
Hanson2016_340,0.0012042168960022766,0.0010437139454199753,37912.0
Hanson2016_799,0.008424562717739583,0.0073922502475835825,300563.0
Hanson2016_1239,0.0015491626994728217,0.0018303127155009833,104054.0
Hanson2016_1340,0.0,0.0,0.0
Hanson2016_857,8.468185517772381e-05,6.829535520881937e-05,45382.0
Hanson2016_1109,0.0035578950973264127,0.003072386101182349,0.0
Hanson2016_1094,3.2211304767649486e-05,3.191632114037909e-05,7653.0
Hanson2016_1377,0.004559547046513869,0.004449040571218904,0.0
Hanson2016_501,0.00020044744296726316,0.00023333563948630643,5638.0
Hanson2016_1170,0.0004976507052931685,0.0006008775870343003,22370.0
Hanson2016_1335,0.0,0.0,0.0
Hanson2016_417,0.0022331965727896124,0.0019034598867051422,0.0
Hanson2016_429,0.0018582820181926372,0.003079982375797761,10910.0
Hanson2016_1354,0.015256663470505718,0.013183014708288816,145699.0
Hanson2016_1384,0.0027934834944662837,0.00247047751582195,0.0
Hanson2016_1166,0.0,0.0,0.0
Hanson2016_623,0.001416140978510442,0.0016826764188465828,0.0
Hanson2016_1077,0.0005418530180336098,0.00047694963697168796,0.0
Hanson2016_1153,0.0014899364661696353,0.0012699556280963706,3045.0
Hanson2016_1350,0.010481951630568923,0.0090507604245668,80108.0
Hanson2016_381,0.0,0.0,0.0
Hanson2016_593,0.00013474883412662497,0.0001152078589506074,17368.0
Hanson2016_983,0.0033398931372235203,0.002799689397052091,1114867.0
Hanson2016_1373,0.0003697901902399307,0.0003357491108819047,0.0
Hanson2016_858,0.0,0.0,18827.0
Hanson2016_1120,5.216948606824366e-05,4.6546850545448665e-05,17885.0
Hanson2016_1265,0.0,0.0,88520.0
Hanson2016_1328,0.07020749012517373,0.06517082580295684,0.0
Hanson2016_573,3.404048296258664e-05,3.405127248213857e-05,23331.0
Hanson2016_1189,0.00027390525517059425,0.00034194092092563295,13720.0
Hanson2016_615,0.003437227208764084,0.002807810685778897,81328.0
Hanson2016_535,0.0,0.0,0.0
Hanson2016_414,0.0002624821983597615,0.0004145767370953419,0.0
Hanson2016_455,0.00042100705501413224,0.0003585058305406813,15411.0
Hanson2016_369,0.0034708881259370565,0.002996598684589362,29616.0
Hanson2016_1280,0.0003090022220510163,0.0005166020905867013,0.0
Hanson2016_452,0.14185083724411043,0.12560768767947408,0.0
Hanson2016_565,0.005075409293554261,0.007598175552935101,7401.0
Hanson2016_1303,2.120909262441224e-05,1.7104992697680284e-05,26391.0
Hanson2016_621,0.005217063997927783,0.004773162660106396,57291.0
Hanson2016_622,0.0014249360330409937,0.0012581620974552268,92393.0
Hanson2016_462,0.0012399597857184422,0.001081332712705322,0.0
Hanson2016_1285,0.005799829395679463,0.005317603576109645,7653.0
Hanson2016_43,0.0003117393616266917,0.0003015674606591412,64319.0
Hanson2016_694,0.01997535271450691,0.01979662092681192,0.0
Hanson2016_373,2.272710641479189e-05,2.2538324965547364e-05,66883.0
Hanson2016_680,0.011411053256359563,0.010431880493873244,0.0
Hanson2016_1375,0.22903008781334885,0.2159554312361262,60761.0
Hanson2016_1106,3.313698566378801e-08,2.672475941520567e-08,0.0
Hanson2016_312,0.0029650184932375366,0.00256648553127211,52700.0
Hanson2016_1371,0.0006666184441970507,0.0008244102941931676,5806.0
Hanson2016_1126,4.29447337706797e-06,3.4634643290010004e-06,0.0
Hanson2016_999,0.06644162076951776,0.06068296093916963,1022356.0
Hanson2016_712,0.0235063804654804,0.02459619701908349,0.0
Hanson2016_1257,0.00017967095120336186,0.00014862084029273684,0.0
Hanson2016_436,0.0006649507496355722,0.0006002686825353244,0.0
Hanson2016_605,0.009060954837146142,0.007803075020645196,58483.0
Hanson2016_470,0.0,0.0,0.0
Hanson2016_355,0.020004981320159217,0.01982548654823319,0.0
Hanson2016_1136,0.0025664153149734525,0.002308149155892481,35389.0
Hanson2016_370,0.00010963226873835635,0.00011664539355781354,0.0
Hanson2016_88,0.0,0.0,263080.0
Hanson2016_703,0.029563370292446333,0.030941319891039827,4634.0
Hanson2016_456,7.565046590320602e-06,6.101159958917905e-06,0.0
Hanson2016_240,0.0,0.0,0.0
Hanson2016_1343,0.0,0.0,0.0
Hanson2016_544,7.810627272422521e-06,1.1374718261989524e-05,0.0
Hanson2016_425,0.013380798341046342,0.022210666077108147,0.0
Hanson2016_1129,0.0,0.0,42776.0
Hanson2016_1236,0.008578145923535197,0.007722559884431,7441.0
Hanson2016_333,0.0047636035264909974,0.004107528132685846,75206.0
Hanson2016_244,0.0016432713110913167,0.0014001448883364947,0.0
Hanson2016_843,0.013837140234129847,0.012252708459941081,42356.0
Hanson2016_365,0.00013554799358458065,0.0001174052113371575,46558.0
Hanson2016_559,0.00028078942263015877,0.00032475482194003444,23052.0
Hanson2016_450,0.0037400927337811617,0.00329139619222963,0.0
Hanson2016_1232,0.024846135176805555,0.02503836024442111,0.0
Hanson2016_1203,0.0,0.0,0.0
Hanson2016_772,0.000785100541455115,0.0006639340436858706,0.0
Hanson2016_1038,0.03048556204001079,0.029063066416908378,0.0
Hanson2016_1344,0.0,0.0,0.0
Hanson2016_1117,0.003151117308452574,0.002708514323823107,29551.0
Hanson2016_666,0.005758068352330456,0.0047738199151516275,14391.0
Hanson2016_602,0.014309774965310752,0.012753704086826243,22039.0
Hanson2016_423,0.0,0.0,0.0
Hanson2016_664,0.009972187680459889,0.009114166923120512,48670.0
Hanson2016_51,7.304920775512166e-06,5.891370212530782e-06,0.0
Hanson2016_932,0.14712694110093455,0.13009890005749425,46975.0
Hanson2016_889,0.015459138788139842,0.013693857047733826,39676.0
Hanson2016_569,0.002187190714626744,0.0018730382681298302,19462.0
Hanson2016_306,0.0008031443028405384,0.0010059067536624504,0.0
Hanson2016_313,0.01725277394267867,0.022162188876475027,0.0
Hanson2016_783,0.005815425241149632,0.005209404330315114,299759.0
Hanson2016_1100,0.004001850934028506,0.003463566107041393,33219.0
Hanson2016_491,0.0,0.0,0.0
Hanson2016_307,0.005500281410300251,0.004773858917793535,0.0
Hanson2016_348,0.00018894882889911906,0.00016262120044842774,0.0
Hanson2016_158,8.049101734625563e-05,0.00011587641489400418,0.0
Hanson2016_1251,9.739064779386348e-06,8.179517670149833e-06,0.0
Hanson2016_1338,0.06846447476661106,0.06365620438083215,132350.0
Hanson2016_574,0.003115580397854302,0.0029896960792556975,28080.0
Hanson2016_1135,0.00037556221442519805,0.00031994478126911577,20987.0
Hanson2016_20,0.041887013019221174,0.04457300881117735,75277.0
Hanson2016_807,0.0,0.0,0.0
Hanson2016_1057,0.06828768080134702,0.06997326901775838,102696.0
Hanson2016_358,5.4686998069462165e-05,5.860687113460314e-05,0.0
Hanson2016_567,0.0025956187973042947,0.0026836292483342203,0.0
Hanson2016_280,1.7789765411645325e-06,1.4347327952605957e-06,20544.0
Hanson2016_545,0.0020562703692443003,0.002203770697431604,0.0
Hanson2016_875,0.0011571620237984714,0.0009587249554014234,59660.0
Hanson2016_494,0.00011708288488238457,0.00016465753269883206,10857.0
Hanson2016_476,9.95965546121652e-05,9.134019759152801e-05,6206.0
Hanson2016_336,2.7619992907554866e-06,2.227534130573395e-06,46526.0
Hanson2016_1259,0.0027140340030711013,0.0033685812910940875,69361.0
Hanson2016_793,0.0,0.0,1097499.0
Hanson2016_802,0.0008372169520520472,0.0006925808283008293,311143.0
Hanson2016_1196,0.0,0.0,0.0
Hanson2016_531,0.06385344589321797,0.05920282197476092,0.0
Hanson2016_867,0.0010400795866805218,0.0008621502380689743,0.0
Hanson2016_317,0.0,0.0,0.0
Hanson2016_1062,0.06880054832564168,0.06323575070536559,32098.0
Hanson2016_597,0.004748880680923336,0.0038796341937603245,28702.0
Hanson2016_435,0.00040296592256482865,0.00033666992042800345,33807.0
Hanson2016_446,0.0007231026573209013,0.0006517208353247951,13512.0
Hanson2016_769,0.027818531302079758,0.023362751877280673,230027.0
Hanson2016_1133,0.0007106533920730605,0.0006138232080951679,34291.0
Hanson2016_1119,0.00023320944873923163,0.0002169175269628287,49815.0
Hanson2016_506,0.00528472430930496,0.005221643538487789,0.0
Hanson2016_488,0.0007574349276698258,0.0009209264949724946,28426.0
Hanson2016_38,0.0,0.0,193846.0
Hanson2016_214,0.0008123256330304081,0.0008690541947076141,0.0
Hanson2016_881,0.0059667122166409455,0.004959362872695711,118028.0
Hanson2016_186,0.002069582685300815,0.004577896050753382,0.0
Hanson2016_422,0.0,0.0,0.0
Hanson2016_1064,0.0018324050700619897,0.0016341313756980769,0.0
Hanson2016_364,0.0034708881259370565,0.002996598684589362,29616.0
Hanson2016_69,0.041341450379928736,0.04410888257594812,76806.0
Hanson2016_72,0.0,0.0,0.0
Hanson2016_44,0.0,0.0,0.0
Hanson2016_378,0.21885908067632498,0.2077856584344548,60761.0
Hanson2016_1159,8.087105812756224e-05,7.211094226952801e-05,71281.0
Hanson2016_612,5.99663418390265e-06,5.993591159094104e-06,67803.0
Hanson2016_1097,9.133910584052624e-05,7.8135193552947e-05,41646.0
Hanson2016_454,0.012224911436942758,0.010458010613438082,0.0
Hanson2016_22,0.006675894432997023,0.005748943438747115,0.0
Hanson2016_1318,3.727175587334511e-06,3.005942419759497e-06,40733.0
Hanson2016_29,0.00024085726522866645,0.00024086526263811784,43379.0
Hanson2016_10,0.0,0.0,0.0
Hanson2016_1158,0.0818812647950309,0.0787119118957909,95353.0
Hanson2016_166,0.0004800337387451549,0.0003943527984156759,172846.0
Hanson2016_274,0.0,0.0,0.0
Hanson2016_495,0.004947857479852909,0.004560097445215327,0.0
Hanson2016_617,0.0009258834383324891,0.0010093469766363624,0.0
Hanson2016_1098,0.00900423964616436,0.009518110673775547,0.0
Hanson2016_526,0.0,0.0,0.0
Hanson2016_132,0.0,0.0,0.0
Hanson2016_554,5.264569661565683e-05,4.7162309959921526e-05,0.0
Hanson2016_781,0.007884797771359657,0.006944778274084347,329762.0
Hanson2016_326,0.005978751071468282,0.005174526586161201,77988.0
Hanson2016_813,0.0,0.0,1142151.0
Hanson2016_757,0.03352100702062669,0.02884300966573106,323680.0
Hanson2016_832,0.0,0.0,0.0
Hanson2016_899,0.0023771392465454988,0.0020760903516149273,58599.0
Hanson2016_818,0.0,0.0,0.0
Hanson2016_886,0.0014185944784104122,0.0011651994749627458,62637.0
Hanson2016_1172,7.425997128965085e-05,6.195174883166412e-05,0.0
Hanson2016_430,0.0004194739231508836,0.0003792342005867852,6206.0
Hanson2016_653,0.03007741485893844,0.03138147010237855,48271.0
Hanson2016_173,4.0245508673127815e-05,5.793820744700209e-05,191552.0
Hanson2016_418,0.0023290508581621087,0.0020890734867425468,0.0
Hanson2016_1248,0.0,0.0,21154.0
Hanson2016_1180,3.523993161522235e-05,4.55838793753591e-05,0.0
Hanson2016_1266,5.817555930098692e-05,6.851140809721723e-05,10339.0
Hanson2016_751,0.015811473382499757,0.013411940577285746,330714.0
Hanson2016_243,0.0,0.0,0.0
Hanson2016_232,0.0023749413358953,0.0020492973466968854,0.0
Hanson2016_549,7.810627272422521e-06,1.1374718261989524e-05,0.0
Hanson2016_199,0.008640362202273197,0.013966366583972524,0.0
Hanson2016_897,0.0059667122166409455,0.004959362872695711,118028.0
Hanson2016_1178,0.0,0.0,0.0
Hanson2016_87,0.009210031129023253,0.007952240855147126,236765.0
Hanson2016_1105,0.0009105244226138026,0.0008136480750814865,0.0
Hanson2016_1388,0.0002698091366442957,0.00024846732232916986,7657.0
Hanson2016_421,1.4672767204809396e-05,1.1833489547975544e-05,0.0
Hanson2016_1033,0.06916422792960299,0.06345072310862841,12410.0
Hanson2016_1247,5.817555930098692e-05,6.851140809721723e-05,10339.0
Hanson2016_746,0.011429012726766158,0.009788175097838971,293641.0
Hanson2016_649,0.0,0.0,29115.0
Hanson2016_665,0.014824185881555563,0.016479753071936807,0.0
Hanson2016_885,0.0033398931372235203,0.002799689397052091,1114867.0
Hanson2016_380,0.003142249821284419,0.00302695250294727,0.0
Hanson2016_238,0.00043634311495899085,0.00036382317323986824,204012.0
Hanson2016_222,0.00889996383014021,0.013320682241480333,0.0
Hanson2016_755,8.262110799221445e-06,6.663337625554109e-06,315579.0
Hanson2016_2,0.014112116579074527,0.012097667485194944,0.0
Hanson2016_33,0.04232616132518152,0.044948575471188267,76325.0
Hanson2016_26,0.0,0.0,161360.0
Hanson2016_750,0.00138655907909752,0.0011812690910797696,182819.0
Hanson2016_1142,0.0006523125184745378,0.0005846650224632229,36348.0
Hanson2016_205,4.0245508673127815e-05,5.793820744700209e-05,191552.0
Hanson2016_1099,9.133910584052624e-05,7.8135193552947e-05,41646.0
Hanson2016_1082,0.00024654031333913134,0.0002168322335048063,4511.0
Hanson2016_1007,0.06820575908538151,0.06234966842217468,101417.0
Hanson2016_1055,0.0,0.0,36996.0
Hanson2016_1061,0.0007122326242514203,0.000599896913545972,104173.0
Hanson2016_539,0.0020307909196681183,0.0018042255771827387,0.0
Hanson2016_936,0.14712694110093455,0.13009890005749425,46975.0
Hanson2016_892,0.0024396776997844664,0.0021148163859300477,87906.0
Hanson2016_371,5.525052352168091e-06,8.650079420437417e-06,0.0
Hanson2016_966,0.0036330152303853387,0.0030467338820352233,1119055.0
Hanson2016_288,0.0,0.0,92556.0
Hanson2016_1258,0.0003822143997323418,0.00044305631182575786,15913.0
Hanson2016_1018,0.012035692016861948,0.010779819489593993,84010.0
Hanson2016_599,0.0018461339941716075,0.0017123269112100568,65886.0
Hanson2016_1292,0.00021126193161249694,0.00017038134829823888,118113.0
Hanson2016_829,0.008480916118274295,0.007506507653733772,52086.0
Hanson2016_776,0.01778451967604253,0.015285008075867993,324799.0
Hanson2016_524,0.00486005862652981,0.004257812878638142,0.0
Hanson2016_630,0.02912707229760071,0.02774294213131346,0.0
Hanson2016_767,0.0048561887505927425,0.004216938477282961,283425.0
Hanson2016_1052,0.00023593927409843035,0.00020948594741845356,0.0
Hanson2016_357,0.003769534269553535,0.0032534811707631063,62884.0
Hanson2016_533,0.008468017062404055,0.007909498649850985,0.0
Hanson2016_141,0.0,0.0,0.0
Hanson2016_1240,0.0008902468874249726,0.001074067831239866,0.0
Hanson2016_684,0.004805577993103093,0.004443181117909591,0.0
Hanson2016_662,0.0,0.0,0.0
Hanson2016_763,0.00138655907909752,0.0011812690910797696,182819.0
Hanson2016_808,8.262110799221445e-06,6.663337625554109e-06,315579.0
Hanson2016_1154,0.0002901584198967629,0.00025895485567987113,72653.0
Hanson2016_8,0.00024085726522866645,0.00024086526263811784,43379.0
Hanson2016_241,0.0,0.0,37849.0
Hanson2016_1108,9.133910584052624e-05,7.8135193552947e-05,41646.0
Hanson2016_923,0.14376127620111287,0.1270362678938584,1021452.0
Hanson2016_201,0.0,0.0,87937.0
Hanson2016_991,0.06814781173835388,0.06203228351931247,1123203.0
Hanson2016_523,0.00045633635765303973,0.0007970698511345983,0.0
Hanson2016_442,0.0,0.0,0.0
Hanson2016_46,0.0,0.0,45217.0
Hanson2016_1378,3.5370105357435946e-05,3.1457002508548064e-05,14972.0
Hanson2016_1376,0.0037235699058536203,0.00347274297850956,0.0
Hanson2016_1,0.0,0.0,45217.0
Hanson2016_34,0.00497094392982636,0.004261361250356912,274967.0
Hanson2016_730,0.0024186639520774856,0.0038454772008838026,0.0
Hanson2016_1148,0.0018810533392147409,0.0016190224067907737,0.0
Hanson2016_516,0.0020307909196681183,0.0018042255771827387,0.0
Hanson2016_671,0.0148043179673197,0.016460198092683665,22319.0
Hanson2016_271,0.011413176070771991,0.009882501085801234,111613.0
Hanson2016_830,0.004914651478541571,0.004244862007521583,0.0
Hanson2016_985,0.020396685970193774,0.01834668633756706,1065167.0
Hanson2016_914,0.00034819846395525727,0.00028081975446902086,34457.0
Hanson2016_618,0.0,0.0,0.0
Hanson2016_163,0.0004800337387451549,0.0003943527984156759,172846.0
Hanson2016_1152,0.06484840348029444,0.06421013920244406,83762.0
Hanson2016_1261,0.0006465960690752897,0.0008152663584974642,53347.0
Hanson2016_878,0.0,0.0,34660.0
Hanson2016_77,0.0,0.0,29616.0
Hanson2016_103,0.037466715220546946,0.040841319497504025,276050.0
Hanson2016_600,8.93155304784565e-06,8.36909426675156e-06,0.0
Hanson2016_200,0.0,0.0,0.0
Hanson2016_96,0.0,0.0,266041.0
Hanson2016_741,0.0,0.0,303149.0
Hanson2016_453,0.0,0.0,5463.0
Hanson2016_898,0.025257049037573105,0.022295633032850367,50562.0
Hanson2016_1006,0.0,0.0,18978.0
Hanson2016_982,0.0012196624610665901,0.001100605731670988,14348.0
Hanson2016_825,7.242170367745474e-07,5.840762424369668e-07,0.0
Hanson2016_614,0.0024795940628773434,0.0021455509687700416,71845.0
Hanson2016_157,0.0007920470953704335,0.0008408073240458517,0.0
Hanson2016_273,0.0,0.0,0.0
Hanson2016_219,0.0,0.0,0.0
Hanson2016_1209,0.0006237564045234898,0.0007866645607475603,0.0
Hanson2016_440,0.0,0.0,0.0
Hanson2016_795,0.01085811712615493,0.009295617663771322,283843.0
Hanson2016_1134,3.659867658352432e-05,2.95165902093039e-05,0.0
Hanson2016_1070,0.06062014811475535,0.0629972740835894,82719.0
Hanson2016_327,1.2972060403167128e-05,1.3506991926477087e-05,0.0
Hanson2016_269,0.01598590151727614,0.015612672449447177,0.0
Hanson2016_941,0.1437074153385262,0.12697603861482465,1070389.0
Hanson2016_37,0.0,0.0,96668.0
Hanson2016_203,0.000318869182784118,0.0005070615460131606,180436.0
Hanson2016_220,0.000318869182784118,0.0005070615460131606,180436.0
Hanson2016_9,0.0,0.0,207289.0
Hanson2016_284,0.004063802118438209,0.003554613568421455,34089.0
Hanson2016_650,0.0005193100783642788,0.0007611834594222876,56735.0
Hanson2016_328,0.0012251600686917414,0.0010532596342381537,0.0
Hanson2016_509,0.0030773818446033756,0.002596933251802047,32823.0
Hanson2016_449,0.0,0.0,0.0
Hanson2016_882,0.001366357193910767,0.0011459907297521295,0.0
Hanson2016_120,0.0,0.0,0.0
Hanson2016_848,0.0,0.0,0.0
Hanson2016_195,0.0,0.0,73431.0
Hanson2016_1089,0.0,0.0,4096.0
Hanson2016_552,0.00018370226334642336,0.00017926556820047865,0.0
Hanson2016_926,0.14335535165943225,0.12672650442802225,998086.0
Hanson2016_1041,0.0,0.0,94414.0
Hanson2016_943,0.19533915172510807,0.17295355553171468,103009.0
Hanson2016_448,0.0012335802845475422,0.001076187687273282,0.0
Hanson2016_1115,6.217047640667762e-06,5.014007736113583e-06,0.0
Hanson2016_1114,3.777225411759208e-05,3.345967388996927e-05,31800.0
Hanson2016_473,0.0,0.0,22220.0
Hanson2016_1217,0.001361491949598975,0.0013495969590121102,4838.0
Hanson2016_686,0.00017960439244188916,0.00015439260237697956,1535.0
Hanson2016_374,0.0014791411370113816,0.0012583813982175673,0.0
Hanson2016_1035,0.058408452121534254,0.061160515720085025,54081.0
Hanson2016_1208,0.0006877344404779872,0.0005865856397844445,0.0
Hanson2016_815,0.008088071378961876,0.007120872212014047,0.0
Hanson2016_981,0.0015261038822563092,0.001316798943486791,1034545.0
Hanson2016_968,0.06778488858606396,0.06172677543028811,1078065.0
Hanson2016_639,0.025964331736604344,0.028798885920049522,0.0
Hanson2016_909,0.04444655624873314,0.03935002839230163,46385.0
Hanson2016_842,5.841210387307092e-05,4.710897481087827e-05,16261.0
Hanson2016_94,0.004589815328425816,0.003961416075709324,28786.0
Hanson2016_1026,0.00013363975931709841,0.00011766587130096453,25922.0
Hanson2016_319,2.790318137700461e-06,2.250373093030608e-06,59400.0
Hanson2016_1137,0.0,0.0,0.0
Hanson2016_1195,1.7240963718510722e-05,1.9579426926948658e-05,0.0
Hanson2016_101,0.002545271321020674,0.002214313323759619,84377.0
Hanson2016_1139,3.777225411759208e-05,3.345967388996927e-05,31800.0
Hanson2016_796,0.0005571128698073746,0.00044930783879317107,0.0
Hanson2016_337,0.0,0.0,7487.0
Hanson2016_1224,0.06565341755997718,0.06108661560468938,7227.0
Hanson2016_540,9.747587238694346e-06,7.861364533150974e-06,0.0
Hanson2016_862,0.0,0.0,0.0
Hanson2016_1024,0.011418643954406562,0.010260778828215461,84207.0
Hanson2016_275,0.01281130117901583,0.011083017459240894,116809.0
Hanson2016_1040,0.057452152981343964,0.060225140767666614,66333.0
Hanson2016_1030,0.00028822256008377453,0.000236680224286341,27579.0
Hanson2016_762,0.0005571128698073746,0.00044930783879317107,0.0
Hanson2016_900,0.028042514636871744,0.02478600718045178,51570.0
Hanson2016_1356,0.028622167065313127,0.02794642340008121,154983.0
Hanson2016_1207,0.0,0.0,6997.0
Hanson2016_1031,0.04586036888967251,0.041058595021133015,49100.0
Hanson2016_876,0.001417290024941323,0.0012449274018500967,89984.0
Hanson2016_505,4.341613830769331e-05,6.0859587321231886e-05,9498.0
Hanson2016_1307,5.230452595027742e-05,4.2183253677026074e-05,13272.0
Hanson2016_1308,0.0,0.0,130056.0
Hanson2016_503,0.0,0.0,0.0
Hanson2016_852,0.0028273572026727293,0.002494032649048231,15390.0
Hanson2016_268,0.0005068855502576429,0.0004883440036557895,174456.0
Hanson2016_257,0.00037834043589610194,0.00032668702230020263,88309.0
Hanson2016_345,0.0014526590758520298,0.001253100488788991,0.0
Hanson2016_657,0.0015079364128954638,0.0013521238218751992,41888.0
Hanson2016_1131,1.5804438220374673e-06,1.274617472504624e-06,46020.0
Hanson2016_416,0.0008031443028405384,0.0010059067536624504,0.0
Hanson2016_504,0.0,0.0,31328.0
Hanson2016_984,0.06744532735686451,0.06179447927227729,12416.0
Hanson2016_519,0.003104559786518098,0.0026199237015365087,0.0
Hanson2016_1043,0.00023593927409843035,0.00020948594741845356,0.0
Hanson2016_1144,0.0026913938328994177,0.0022926463773417526,0.0
Hanson2016_752,0.00018628304885063735,0.00015023604482844178,246551.0
Hanson2016_1113,0.0,0.0,18292.0
Hanson2016_1116,0.0,0.0,0.0
Hanson2016_215,0.00014449540090656607,0.0001243870505624107,79380.0
Hanson2016_866,0.0006197018196723119,0.0005135474280916069,0.0
Hanson2016_1138,0.002392484568469834,0.002157633823695311,40730.0
Hanson2016_372,0.01999200925975605,0.019811979556306713,0.0
Hanson2016_1017,0.011418643954406562,0.010260778828215461,84207.0
Hanson2016_528,0.008485966685434899,0.00792291794992453,0.0
Hanson2016_184,0.0,0.0,0.0
Hanson2016_91,0.00012035192361740759,0.00011642489995923875,0.0
Hanson2016_591,0.00017370112890225018,0.00016858980521269437,17300.0
Hanson2016_1276,0.0,0.0,0.0
Hanson2016_957,0.000774970335265844,0.0006686567826201597,9578.0
Hanson2016_785,0.00028849398547666817,0.0002430795222564393,278453.0
Hanson2016_61,0.00034685544691760717,0.00029767210042405185,0.0
Hanson2016_356,0.003622093541943711,0.003127117504229593,44086.0
Hanson2016_1238,0.0003922689485442066,0.0004772552618749926,0.0
Hanson2016_160,0.0,0.0,0.0
Hanson2016_189,0.0,0.0,0.0
Hanson2016_1096,0.0,0.0,0.0
Hanson2016_836,0.0010107027468458296,0.0008408507427957101,0.0
Hanson2016_1076,0.0022804869715447045,0.001960412250049028,0.0
Hanson2016_497,0.0,0.0,5399.0
Hanson2016_296,0.0,0.0,0.0
Hanson2016_1111,6.217047640667762e-06,5.014007736113583e-06,0.0
Hanson2016_332,7.025432037557837e-06,6.7116317965256805e-06,0.0
Hanson2016_803,0.0,0.0,313616.0
Hanson2016_888,0.015209239491446256,0.013476992430627015,41093.0
Hanson2016_291,1.2937139694118306e-05,1.0433717458617393e-05,93381.0
Hanson2016_850,0.0023161496547803675,0.0019410989872268984,19624.0
Hanson2016_973,0.14356350815993557,0.12683836998913897,1070728.0
Hanson2016_19,1.1705405373687338e-06,9.440331889062043e-07,43764.0
Hanson2016_1174,0.0016091136346792214,0.001833098987761504,0.0
Hanson2016_500,0.0002094822408936143,0.00017735060410414502,21715.0
Hanson2016_977,0.02055686537863432,0.018491652675290956,1038493.0
Hanson2016_1036,0.012150616664957056,0.011085486884232103,0.0
Hanson2016_964,0.0009334578962527044,0.0008054185816145594,1050474.0
Hanson2016_3,0.0,0.0,0.0
Hanson2016_1058,0.00035501862767228,0.0003003976280189774,6073.0
Hanson2016_1054,0.0018870330096905977,0.0017750938932048583,0.0
Hanson2016_860,3.41278346006294e-05,2.752387251868979e-05,0.0
Hanson2016_969,0.020846541713779747,0.018810947110709013,20414.0
Hanson2016_739,0.0006022585080383015,0.0005294456357368322,285402.0
Hanson2016_329,1.3139078176408122e-05,1.0596579506801958e-05,18391.0
Hanson2016_1382,0.0,0.0,3386.0
Hanson2016_578,0.003503176134743771,0.003015893321361428,27733.0
Hanson2016_880,0.000539572463909733,0.00044032199257803883,51068.0
Hanson2016_152,0.0,0.0,410535.0
Hanson2016_548,2.1967861316953525e-05,3.842346909276836e-05,0.0
Hanson2016_534,0.005779312459351087,0.005666715445993118,0.0
Hanson2016_849,0.0,0.0,0.0
Hanson2016_242,0.0,0.0,0.0
Hanson2016_259,0.0,0.0,60572.0
Hanson2016_1085,0.002439002076108481,0.003887378077671241,0.0
Hanson2016_1124,6.217047640667762e-06,5.014007736113583e-06,0.0
Hanson2016_331,0.0012251600686917414,0.0010532596342381537,0.0
Hanson2016_324,0.0012251600686917414,0.0010532596342381537,0.0
Hanson2016_1231,0.0009770938084531925,0.0008670887642735308,0.0
Hanson2016_636,0.0015731349980942937,0.0014656790253563977,89423.0
Hanson2016_461,2.4983833676992363e-06,2.0149296350053355e-06,26313.0
Hanson2016_1173,0.00030649739231773876,0.0003451968608958194,58639.0
Hanson2016_1220,3.4937623792876004e-05,3.2036298417725883e-05,0.0
Hanson2016_1229,0.010437660566045639,0.009477346719218077,0.0
Hanson2016_939,0.14797992440504756,0.1308606675700603,0.0
Hanson2016_229,0.008309903975013147,0.008594277788558292,165962.0
Hanson2016_233,0.003990486459560535,0.004871289337217132,147024.0
Hanson2016_959,0.000774970335265844,0.0006686567826201597,9578.0
Hanson2016_1010,0.0,0.0,33016.0
Hanson2016_415,0.0027841350432075895,0.002504979829302785,0.0
Hanson2016_110,0.0,0.0,9617.0
Hanson2016_1037,0.04131510466058142,0.03686571027211387,24893.0
Hanson2016_316,0.0,0.0,92763.0
Hanson2016_837,0.0,0.0,13144.0
Hanson2016_1277,0.00023293490981011068,0.00026514665453776493,4837.0
Hanson2016_996,0.0013741139802961086,0.0011856474411220104,1015244.0
Hanson2016_403,0.0,0.0,8394.0
Hanson2016_967,0.06800700288726255,0.0619131680323231,1097295.0
Hanson2016_216,8.174167331978458e-06,1.2018026934429197e-05,157884.0
Hanson2016_1176,0.0003994751584453718,0.0004536968059271615,24985.0
Hanson2016_834,0.0,0.0,13144.0
Hanson2016_360,0.0036225475329595413,0.003127483644976305,0.0
Hanson2016_1278,0.00023293490981011068,0.00026514665453776493,4837.0
Hanson2016_1314,2.630553742664397e-05,2.1215241668254533e-05,15627.0
Hanson2016_335,5.30982037152369e-07,4.282334953658759e-07,0.0
Hanson2016_218,4.9229107944597636e-05,4.119318306337462e-05,145184.0
Hanson2016_674,0.006266422417409203,0.0056749705210007466,6976.0
Hanson2016_1123,0.0,0.0,0.0
Hanson2016_700,0.0,0.0,756.0
Hanson2016_685,0.02665837088124896,0.02846498533998195,0.0
Hanson2016_105,0.0,0.0,0.0
Hanson2016_460,0.00039501471528837867,0.00035778715865538525,16301.0
Hanson2016_346,0.0,0.0,0.0
Hanson2016_185,0.0,0.0,0.0
Hanson2016_877,0.0013976935822146482,0.001226713633835964,126463.0
Hanson2016_1015,0.021665586141604645,0.018538594230511813,68586.0
Hanson2016_1336,0.06902440603206592,0.0641418178948106,0.0
Hanson2016_1295,8.066240047445906e-05,6.505369161832404e-05,0.0
Hanson2016_300,0.0,0.0,48367.0
Hanson2016_557,0.008429319672406671,0.007875053895931352,2385.0
Hanson2016_948,0.04640324846950335,0.041118815706488364,45672.0
Hanson2016_716,0.0024199675327787906,0.003846835587120659,0.0
Hanson2016_713,0.0,0.0,826.0
Hanson2016_827,0.00012481082309749654,0.00010385750712055114,0.0
Hanson2016_171,0.0,0.0,0.0
Hanson2016_974,0.0203546317357284,0.018331963595662297,973481.0
Hanson2016_894,0.0003799612456123046,0.00030643622745648154,46020.0
Hanson2016_603,1.1252930889452283e-05,9.7136280620847e-06,15346.0
Hanson2016_1215,0.0,0.0,0.0
Hanson2016_1150,0.0013334568346852179,0.0011477061542257568,9100.0
Hanson2016_297,0.017188071960361984,0.014645050353662096,1487.0
Hanson2016_433,0.0,0.0,0.0
Hanson2016_12,0.0045982757316313525,0.003968239334846943,0.0
Hanson2016_724,0.02322969299095972,0.02398877520778115,9925.0
Hanson2016_263,0.008038552730565978,0.006849227172262048,16808.0
Hanson2016_278,0.006457841036057087,0.007435213173235154,0.0
Hanson2016_295,9.150663304414985e-06,7.3799493345975655e-06,0.0
Hanson2016_930,0.14862534813175157,0.13152378331425998,47221.0
Hanson2016_466,0.0,0.0,0.0
Hanson2016_407,0.0,0.0,0.0
Hanson2016_1223,0.21420940291772986,0.20011843484853062,0.0
Hanson2016_1001,0.0008205973836103485,0.0007080264908409101,1005575.0
Hanson2016_1181,0.0,0.0,0.0
Hanson2016_532,0.003331203432490449,0.002831836019752074,25494.0
Hanson2016_677,0.00024353319526675677,0.0003058054673571189,4096.0
Hanson2016_283,0.0,0.0,0.0
Hanson2016_577,0.002128056034522792,0.0020736042541127215,78063.0
Hanson2016_343,0.0,0.0,37115.0
Hanson2016_1056,0.00018991296254949595,0.00016850654138054376,4596.0
Hanson2016_1346,0.07019646499302701,0.06516193410691873,0.0
Hanson2016_594,0.018594907634847,0.016791299876602477,0.0
Hanson2016_287,0.0,0.0,18882.0
Hanson2016_1300,1.7278153160792478e-06,1.3934716061571593e-06,26078.0
Hanson2016_584,0.00031594423716821234,0.0004390257476003385,28211.0
Hanson2016_1184,3.1785869592678383e-06,2.563509325459645e-06,2389.0
Hanson2016_1060,6.711314415944457e-05,5.663765047057263e-05,2320.0
Hanson2016_961,0.000775035639360885,0.00066870944994019,0.0
Hanson2016_726,1.168487553004104e-06,9.423774706165392e-07,0.0
Hanson2016_1047,0.0,0.0,11870.0
Hanson2016_434,0.0,0.0,0.0
Hanson2016_221,0.0,0.0,0.0
Hanson2016_598,0.0,0.0,0.0
Hanson2016_542,0.003104559786518098,0.0026199237015365087,0.0
Hanson2016_468,0.0,0.0,0.0
Hanson2016_541,0.0,0.0,0.0
Hanson2016_906,0.0006045973530361251,0.00048760375994663007,30393.0
Hanson2016_1306,8.0478442696661e-05,6.490533088919528e-05,54812.0
Hanson2016_187,0.0,0.0,0.0
Hanson2016_955,0.0008802060736888157,0.0007594754227544492,12265.0
Hanson2016_106,0.0,0.0,0.0
Hanson2016_303,0.00640036575615785,0.007380796545533365,120291.0
Hanson2016_353,0.003464498052907713,0.0029903994656238974,0.0
Hanson2016_997,0.00048788454084974027,0.00042095325996302735,9042.0
Hanson2016_1332,0.07019646499302701,0.06516193410691873,0.0
Hanson2016_217,0.00011233694817872507,0.000131582890496772,138893.0
Hanson2016_292,0.0005103585342815643,0.0004911449422635996,0.0
Hanson2016_7,0.0,0.0,14346.0
Hanson2016_1315,0.0,0.0,150983.0
Hanson2016_1302,5.652855622578813e-06,4.558990611128567e-06,0.0
Hanson2016_359,0.0,0.0,0.0
Hanson2016_376,0.0,0.0,0.0
Hanson2016_1301,8.066240047445906e-05,6.505369161832404e-05,0.0
Hanson2016_1025,0.0,0.0,51773.0
Hanson2016_302,0.0,0.0,0.0
Hanson2016_4,0.0,0.0,0.0
Hanson2016_255,0.003754690914178583,0.0032753872520109297,34595.0
Hanson2016_1028,0.02963010673555795,0.028351192790409947,10560.0
Hanson2016_1296,2.2358933091437617e-05,1.8032331416986356e-05,0.0
Hanson2016_940,0.0,0.0,32896.0
Hanson2016_575,0.0003369153376277872,0.00035985797881604633,0.0
Hanson2016_518,0.0,0.0,0.0
Hanson2016_11,0.0003326176564741735,0.00028699646376845374,5814.0
Hanson2016_401,0.0,0.0,0.0
Hanson2016_366,1.1663060740138925e-05,9.406181222625806e-06,0.0
Hanson2016_692,0.0,0.0,0.0
Hanson2016_1305,0.0,0.0,150983.0
Hanson2016_349,0.0024486491128813243,0.002113299222572949,0.0
Hanson2016_869,0.0,0.0,77311.0
Hanson2016_986,0.0,0.0,5400.0
Hanson2016_1304,2.2358933091437617e-05,1.8032331416986356e-05,0.0
Hanson2016_954,0.1479268397463294,0.13081785514447414,52363.0
Hanson2016_1083,1.8034575371838062e-05,1.732887761984986e-05,0.0
Hanson2016_248,0.0015734808013269127,0.001357814530841413,93984.0
Hanson2016_988,0.00175702749347259,0.0015730303039734135,21175.0
Hanson2016_490,0.0,0.0,87103.0
Hanson2016_737,0.023368921777546285,0.024106226530597574,4511.0
Hanson2016_995,0.0,0.0,4860.0
Hanson2016_483,0.00010378971366462632,9.472195258891074e-05,0.0
Hanson2016_1339,0.06841562336011625,0.06361574514770293,0.0
Hanson2016_266,0.0018794247323823774,0.0015974908126074555,138132.0
Hanson2016_736,0.023368921777546285,0.024106226530597574,4511.0
Hanson2016_1029,0.0,0.0,17352.0
Hanson2016_912,0.045585267003020194,0.04033171139660238,26211.0
Hanson2016_310,0.01725277394267867,0.022162188876475027,0.0
Hanson2016_289,0.0,0.0,0.0
Hanson2016_1027,0.03002618333635289,0.02868759146553893,7423.0
Hanson2016_443,7.565046590320602e-06,6.101159958917905e-06,0.0
Hanson2016_678,0.0014952010822875807,0.0014046217089149395,34596.0
Hanson2016_1317,0.0001984030125914742,0.00016001071529428445,0.0
Hanson2016_1345,0.06203109000131452,0.05812094155864391,34161.0
Hanson2016_395,0.0,0.0,6632.0
Hanson2016_1095,0.0,0.0,950.0
Hanson2016_254,0.0,0.0,1347.0
Hanson2016_1327,0.06836180232246383,0.06356971280813385,57943.0
Hanson2016_318,6.177599548867153e-05,7.941931031032308e-05,164141.0
Hanson2016_406,0.0,0.0,7653.0
Hanson2016_1329,0.0,0.0,0.0
Hanson2016_718,8.82099819777523e-05,0.00012522329929785805,7441.0
Hanson2016_1321,7.088247319540308e-05,5.7166245056864525e-05,45747.0
Hanson2016_153,0.0,0.0,0.0
Hanson2016_279,1.8715126669207902e-06,1.5093625676588044e-06,0.0
Hanson2016_175,0.0,0.0,0.0
Hanson2016_1198,8.121122570718627e-08,1.3099263106543036e-07,2232.0
Hanson2016_182,0.0,0.0,0.0
Hanson2016_631,0.02594995575682889,0.028785653758176332,63409.0
Hanson2016_1205,0.000335344710287066,0.0005309400570037735,8897.0
Hanson2016_338,0.0024432977111408837,0.0021089833525207236,23889.0
Hanson2016_299,0.0,0.0,0.0
Hanson2016_1312,2.3522260188009443e-05,1.897054701367675e-05,45836.0
Hanson2016_260,0.0016432713110913167,0.0014001448883364947,0.0
Hanson2016_525,0.003914063609164544,0.0033209582132180415,6961.0
Hanson2016_41,0.0,0.0,10760.0
Hanson2016_256,0.034944258199747065,0.03000227687594631,0.0
Hanson2016_323,0.0006497047184298739,0.0005601512231756356,42130.0
Hanson2016_580,0.0,0.0,10434.0
Hanson2016_864,0.0,0.0,18690.0
Hanson2016_129,0.00821225081269922,0.007088981905919151,31767.0
Hanson2016_261,0.0015759808527072755,0.0013598308057175814,0.0
Hanson2016_428,6.700909661975671e-06,5.404239250856942e-06,26313.0
Hanson2016_267,0.0,0.0,0.0
Hanson2016_1337,0.004369240413902359,0.0037691052594418933,29081.0
Hanson2016_944,0.14859681663521554,0.13148606398298554,45511.0
Hanson2016_709,0.02091470942967999,0.02060494624402768,0.0
Hanson2016_933,0.14729721766814796,0.13031864176280075,23692.0
Hanson2016_112,0.0,0.0,0.0
Hanson2016_588,0.018594907634847,0.016791299876602477,0.0
Hanson2016_905,0.04578008260464474,0.040562048371929546,24136.0
Hanson2016_695,0.0022381321275904437,0.0019133964558329835,7441.0
Hanson2016_910,0.04582467980439701,0.040545460841302325,0.0
Hanson2016_253,0.0,0.0,15580.0
Hanson2016_1156,0.0017062051427234283,0.001518203126324766,592.0
Hanson2016_188,0.0,0.0,0.0
Hanson2016_1200,0.0,0.0,0.0
Hanson2016_655,0.02780016811184407,0.026629235185194375,27088.0
Hanson2016_228,0.0,0.0,0.0
Hanson2016_733,0.0,0.0,0.0
Hanson2016_640,0.005630836904371542,0.0048416238722920855,62763.0
Hanson2016_322,0.0009455074934110252,0.0008119887123246974,0.0
Hanson2016_704,0.0002667090900991345,0.0002299058886509306,0.0
Hanson2016_131,0.0,0.0,0.0
Hanson2016_908,0.045976300569160265,0.04070867414729089,22652.0
Hanson2016_962,0.020672136777773804,0.01869962720725199,14913.0
Hanson2016_734,0.0004963754291798387,0.0004308813942116686,0.0
Hanson2016_725,0.02434683345722095,0.02494663501638087,7314.0
Hanson2016_688,5.893088809898053e-05,5.0721351213334475e-05,7441.0
Hanson2016_130,0.0,0.0,0.0
Hanson2016_1372,0.0023141225674503936,0.0020633912223284915,0.0
Hanson2016_915,0.0458617141746444,0.040600234629425885,22164.0
Hanson2016_918,0.045671389633196884,0.04042183333373106,23854.0
Hanson2016_698,2.1769608839851864e-05,1.875952664375349e-05,0.0
Hanson2016_16,0.0,0.0,2077.0
Hanson2016_304,0.0,0.0,0.0
Hanson2016_363,0.0009455074934110252,0.0008119887123246974,0.0
Hanson2016_1374,0.0,0.0,0.0
Hanson2016_697,0.024902285528584103,0.025424692755156207,0.0
Hanson2016_717,1.482606846358786e-05,1.580949489076077e-05,0.0
Hanson2016_1078,0.0006563669108705957,0.0005663172369668193,0.0
Hanson2016_683,0.0,0.0,4471.0
Hanson2016_710,0.0,0.0,0.0
Hanson2016_1080,0.0005413046990762633,0.000777591231492754,0.0
Hanson2016_122,0.0,0.0,0.0
Hanson2016_138,0.0,0.0,0.0
Hanson2016_134,0.0,0.0,0.0
Hanson2016_147,0.008222422162593074,0.007097185032226389,0.0
Hanson2016_1090,0.0,0.0,0.0
Hanson2016_464,0.0,0.0,0.0
Hanson2016_136,0.0009603370826519385,0.0008286936880504552,31767.0
Hanson2016_467,0.0,0.0,0.0
Hanson2016_118,0.0031628253618358024,0.0027299932275051163,23470.0
Hanson2016_127,0.0,0.0,59701.0
Hanson2016_139,0.0,0.0,17653.0
Hanson2016_1199,0.0,0.0,0.0
Hanson2016_482,0.0,0.0,0.0
