primary_key,population,estimate_year,source
Hanson2016_992,923406,c. AD 165,Hanson & Ortman 2017 (JRSI)
Hanson2016_110,410535,c. AD 165,Hanson & Ortman 2017 (JRSI)
Hanson2016_172,102170,c. AD 165,Hanson & Ortman 2017 (JRSI)
Hanson2016_1320,83834,c. AD 165,Hanson & Ortman 2017 (JRSI)
Hanson2016_276,71587,c. AD 165,Hanson & Ortman 2017 (JRSI)
Hanson2016_1325,64408,c. AD 165,Hanson & Ortman 2017 (JRSI)
Hanson2016_14,58114,c. AD 165,Hanson & Ortman 2017 (JRSI)
Hanson2016_1022,49652,c. AD 165,Hanson & Ortman 2017 (JRSI)
Hanson2016_13,49453,c. AD 165,Hanson & Ortman 2017 (JRSI)
Hanson2016_315,47672,c. AD 165,Hanson & Ortman 2017 (JRSI)
Hanson2016_651,43289,c. AD 165,Hanson & Ortman 2017 (JRSI)
Hanson2016_652,41539,c. AD 165,Hanson & Ortman 2017 (JRSI)
Hanson2016_602,40666,c. AD 165,Hanson & Ortman 2017 (JRSI)
Hanson2016_620,39979,c. AD 165,Hanson & Ortman 2017 (JRSI)
Hanson2016_1176,37570,c. AD 165,Hanson & Ortman 2017 (JRSI)
Hanson2016_1162,37159,c. AD 165,Hanson & Ortman 2017 (JRSI)
Hanson2016_1375,35321,c. AD 165,Hanson & Ortman 2017 (JRSI)
Hanson2016_788,35017,c. AD 165,Hanson & Ortman 2017 (JRSI)
Hanson2016_429,33807,c. AD 165,Hanson & Ortman 2017 (JRSI)
Hanson2016_1044,28788,c. AD 165,Hanson & Ortman 2017 (JRSI)
Hanson2016_587,28211,c. AD 165,Hanson & Ortman 2017 (JRSI)
Hanson2016_1298,28211,c. AD 165,Hanson & Ortman 2017 (JRSI)
Hanson2016_1059,27923,c. AD 165,Hanson & Ortman 2017 (JRSI)
Hanson2016_1254,27923,c. AD 165,Hanson & Ortman 2017 (JRSI)
Hanson2016_572,26215,c. AD 165,Hanson & Ortman 2017 (JRSI)
Hanson2016_1340,25091,c. AD 165,Hanson & Ortman 2017 (JRSI)
Hanson2016_794,25091,c. AD 165,Hanson & Ortman 2017 (JRSI)
Hanson2016_1253,23429,c. AD 165,Hanson & Ortman 2017 (JRSI)
Hanson2016_302,22067,c. AD 165,Hanson & Ortman 2017 (JRSI)
Hanson2016_1072,20991,c. AD 165,Hanson & Ortman 2017 (JRSI)
Hanson2016_290,20725,c. AD 165,Hanson & Ortman 2017 (JRSI)
Hanson2016_673,19930,c. AD 165,Hanson & Ortman 2017 (JRSI)
Hanson2016_821,19667,c. AD 165,Hanson & Ortman 2017 (JRSI)
Hanson2016_1045,19667,c. AD 165,Hanson & Ortman 2017 (JRSI)
Hanson2016_336,19404,c. AD 165,Hanson & Ortman 2017 (JRSI)
Hanson2016_298,18882,c. AD 165,Hanson & Ortman 2017 (JRSI)
Hanson2016_28,18364,c. AD 165,Hanson & Ortman 2017 (JRSI)
Hanson2016_1153,18364,c. AD 165,Hanson & Ortman 2017 (JRSI)
Hanson2016_745,18364,c. AD 165,Hanson & Ortman 2017 (JRSI)
Hanson2016_273,17084,c. AD 165,Hanson & Ortman 2017 (JRSI)
Hanson2016_493,16831,c. AD 165,Hanson & Ortman 2017 (JRSI)
Hanson2016_254,15580,c. AD 165,Hanson & Ortman 2017 (JRSI)
Hanson2016_294,15580,c. AD 165,Hanson & Ortman 2017 (JRSI)
Hanson2016_658,15431,c. AD 165,Hanson & Ortman 2017 (JRSI)
Hanson2016_784,15086,c. AD 165,Hanson & Ortman 2017 (JRSI)
Hanson2016_241,14841,c. AD 165,Hanson & Ortman 2017 (JRSI)
Hanson2016_768,14596,c. AD 165,Hanson & Ortman 2017 (JRSI)
Hanson2016_284,13870,c. AD 165,Hanson & Ortman 2017 (JRSI)
Hanson2016_660,13426,c. AD 165,Hanson & Ortman 2017 (JRSI)
Hanson2016_933,13221,c. AD 165,Hanson & Ortman 2017 (JRSI)
Hanson2016_264,12680,c. AD 165,Hanson & Ortman 2017 (JRSI)
Hanson2016_747,12515,c. AD 165,Hanson & Ortman 2017 (JRSI)
Hanson2016_731,12211,c. AD 165,Hanson & Ortman 2017 (JRSI)
Hanson2016_1239,11979,c. AD 165,Hanson & Ortman 2017 (JRSI)
Hanson2016_1312,11531,c. AD 165,Hanson & Ortman 2017 (JRSI)
Hanson2016_864,11517,c. AD 165,Hanson & Ortman 2017 (JRSI)
Hanson2016_1259,11517,c. AD 165,Hanson & Ortman 2017 (JRSI)
Hanson2016_1345,11288,c. AD 165,Hanson & Ortman 2017 (JRSI)
Hanson2016_757,10833,c. AD 165,Hanson & Ortman 2017 (JRSI)
Hanson2016_1288,10608,c. AD 165,Hanson & Ortman 2017 (JRSI)
Hanson2016_634,10384,c. AD 165,Hanson & Ortman 2017 (JRSI)
Hanson2016_632,10160,c. AD 165,Hanson & Ortman 2017 (JRSI)
Hanson2016_839,10160,c. AD 165,Hanson & Ortman 2017 (JRSI)
Hanson2016_613,9938,c. AD 165,Hanson & Ortman 2017 (JRSI)
Hanson2016_790,9938,c. AD 165,Hanson & Ortman 2017 (JRSI)
Hanson2016_1222,9938,c. AD 165,Hanson & Ortman 2017 (JRSI)
Hanson2016_547,9498,c. AD 165,Hanson & Ortman 2017 (JRSI)
Hanson2016_693,9498,c. AD 165,Hanson & Ortman 2017 (JRSI)
Hanson2016_1381,9280,c. AD 165,Hanson & Ortman 2017 (JRSI)
Hanson2016_649,9063,c. AD 165,Hanson & Ortman 2017 (JRSI)
Hanson2016_1270,9063,c. AD 165,Hanson & Ortman 2017 (JRSI)
Hanson2016_223,8633,c. AD 165,Hanson & Ortman 2017 (JRSI)
Hanson2016_1019,8633,c. AD 165,Hanson & Ortman 2017 (JRSI)
Hanson2016_589,8209,c. AD 165,Hanson & Ortman 2017 (JRSI)
Hanson2016_1065,8209,c. AD 165,Hanson & Ortman 2017 (JRSI)
Hanson2016_785,7999,c. AD 165,Hanson & Ortman 2017 (JRSI)
Hanson2016_582,7790,c. AD 165,Hanson & Ortman 2017 (JRSI)
Hanson2016_1021,7790,c. AD 165,Hanson & Ortman 2017 (JRSI)
Hanson2016_1046,7790,c. AD 165,Hanson & Ortman 2017 (JRSI)
Hanson2016_1048,7790,c. AD 165,Hanson & Ortman 2017 (JRSI)
Hanson2016_1258,7790,c. AD 165,Hanson & Ortman 2017 (JRSI)
Hanson2016_347,7582,c. AD 165,Hanson & Ortman 2017 (JRSI)
Hanson2016_576,7401,c. AD 165,Hanson & Ortman 2017 (JRSI)
Hanson2016_934,7376,c. AD 165,Hanson & Ortman 2017 (JRSI)
Hanson2016_339,6767,c. AD 165,Hanson & Ortman 2017 (JRSI)
Hanson2016_351,6767,c. AD 165,Hanson & Ortman 2017 (JRSI)
Hanson2016_621,6767,c. AD 165,Hanson & Ortman 2017 (JRSI)
Hanson2016_902,6767,c. AD 165,Hanson & Ortman 2017 (JRSI)
Hanson2016_907,6767,c. AD 165,Hanson & Ortman 2017 (JRSI)
Hanson2016_792,6567,c. AD 165,Hanson & Ortman 2017 (JRSI)
Hanson2016_845,6567,c. AD 165,Hanson & Ortman 2017 (JRSI)
Hanson2016_1074,6567,c. AD 165,Hanson & Ortman 2017 (JRSI)
Hanson2016_1191,6567,c. AD 165,Hanson & Ortman 2017 (JRSI)
Hanson2016_1016,6433,c. AD 165,Hanson & Ortman 2017 (JRSI)
Hanson2016_1023,6368,c. AD 165,Hanson & Ortman 2017 (JRSI)
Hanson2016_1203,6368,c. AD 165,Hanson & Ortman 2017 (JRSI)
Hanson2016_1049,6244,c. AD 165,Hanson & Ortman 2017 (JRSI)
Hanson2016_402,6171,c. AD 165,Hanson & Ortman 2017 (JRSI)
Hanson2016_1214,6171,c. AD 165,Hanson & Ortman 2017 (JRSI)
Hanson2016_804,5782,c. AD 165,Hanson & Ortman 2017 (JRSI)
Hanson2016_956,5782,c. AD 165,Hanson & Ortman 2017 (JRSI)
Hanson2016_1008,5782,c. AD 165,Hanson & Ortman 2017 (JRSI)
Hanson2016_1014,5477,c. AD 165,Hanson & Ortman 2017 (JRSI)
Hanson2016_496,5399,c. AD 165,Hanson & Ortman 2017 (JRSI)
Hanson2016_1034,5399,c. AD 165,Hanson & Ortman 2017 (JRSI)
Hanson2016_1032,5399,c. AD 165,Hanson & Ortman 2017 (JRSI)
Hanson2016_1244,5264,c. AD 165,Hanson & Ortman 2017 (JRSI)
Hanson2016_1316,5067,c. AD 165,Hanson & Ortman 2017 (JRSI)
Hanson2016_657,5022,c. AD 165,Hanson & Ortman 2017 (JRSI)
Hanson2016_669,5022,c. AD 165,Hanson & Ortman 2017 (JRSI)
Hanson2016_1026,4916,c. AD 165,Hanson & Ortman 2017 (JRSI)
Hanson2016_752,4837,c. AD 165,Hanson & Ortman 2017 (JRSI)
Hanson2016_986,4837,c. AD 165,Hanson & Ortman 2017 (JRSI)
Hanson2016_1006,4837,c. AD 165,Hanson & Ortman 2017 (JRSI)
Hanson2016_1286,4837,c. AD 165,Hanson & Ortman 2017 (JRSI)
Hanson2016_1327,4471,c. AD 165,Hanson & Ortman 2017 (JRSI)
Hanson2016_690,4471,c. AD 165,Hanson & Ortman 2017 (JRSI)
Hanson2016_874,4471,c. AD 165,Hanson & Ortman 2017 (JRSI)
Hanson2016_1073,4318,c. AD 165,Hanson & Ortman 2017 (JRSI)
Hanson2016_500,4291,c. AD 165,Hanson & Ortman 2017 (JRSI)
Hanson2016_811,4291,c. AD 165,Hanson & Ortman 2017 (JRSI)
Hanson2016_924,4113,c. AD 165,Hanson & Ortman 2017 (JRSI)
Hanson2016_973,4113,c. AD 165,Hanson & Ortman 2017 (JRSI)
Hanson2016_972,4113,c. AD 165,Hanson & Ortman 2017 (JRSI)
Hanson2016_1142,3937,c. AD 165,Hanson & Ortman 2017 (JRSI)
Hanson2016_1342,3937,c. AD 165,Hanson & Ortman 2017 (JRSI)
Hanson2016_656,3937,c. AD 165,Hanson & Ortman 2017 (JRSI)
Hanson2016_987,3937,c. AD 165,Hanson & Ortman 2017 (JRSI)
Hanson2016_1020,3937,c. AD 165,Hanson & Ortman 2017 (JRSI)
Hanson2016_1061,3937,c. AD 165,Hanson & Ortman 2017 (JRSI)
Hanson2016_1267,3937,c. AD 165,Hanson & Ortman 2017 (JRSI)
Hanson2016_646,3590,c. AD 165,Hanson & Ortman 2017 (JRSI)
Hanson2016_1066,3590,c. AD 165,Hanson & Ortman 2017 (JRSI)
Hanson2016_812,3469,c. AD 165,Hanson & Ortman 2017 (JRSI)
Hanson2016_735,3251,c. AD 165,Hanson & Ortman 2017 (JRSI)
Hanson2016_969,3251,c. AD 165,Hanson & Ortman 2017 (JRSI)
Hanson2016_930,3132,c. AD 165,Hanson & Ortman 2017 (JRSI)
Hanson2016_210,3085,c. AD 165,Hanson & Ortman 2017 (JRSI)
Hanson2016_1035,3085,c. AD 165,Hanson & Ortman 2017 (JRSI)
Hanson2016_917,3085,c. AD 165,Hanson & Ortman 2017 (JRSI)
Hanson2016_941,3085,c. AD 165,Hanson & Ortman 2017 (JRSI)
Hanson2016_923,3085,c. AD 165,Hanson & Ortman 2017 (JRSI)
Hanson2016_955,3085,c. AD 165,Hanson & Ortman 2017 (JRSI)
Hanson2016_1068,3085,c. AD 165,Hanson & Ortman 2017 (JRSI)
Hanson2016_1284,3085,c. AD 165,Hanson & Ortman 2017 (JRSI)
Hanson2016_1060,2982,c. AD 165,Hanson & Ortman 2017 (JRSI)
Hanson2016_929,2974,c. AD 165,Hanson & Ortman 2017 (JRSI)
Hanson2016_914,2818,c. AD 165,Hanson & Ortman 2017 (JRSI)
Hanson2016_1050,2770,c. AD 165,Hanson & Ortman 2017 (JRSI)
Hanson2016_644,2760,c. AD 165,Hanson & Ortman 2017 (JRSI)
Hanson2016_918,2760,c. AD 165,Hanson & Ortman 2017 (JRSI)
Hanson2016_952,2760,c. AD 165,Hanson & Ortman 2017 (JRSI)
Hanson2016_984,2760,c. AD 165,Hanson & Ortman 2017 (JRSI)
Hanson2016_1067,2760,c. AD 165,Hanson & Ortman 2017 (JRSI)
Hanson2016_913,2661,c. AD 165,Hanson & Ortman 2017 (JRSI)
Hanson2016_743,2603,c. AD 165,Hanson & Ortman 2017 (JRSI)
Hanson2016_228,2601,c. AD 165,Hanson & Ortman 2017 (JRSI)
Hanson2016_749,2601,c. AD 165,Hanson & Ortman 2017 (JRSI)
Hanson2016_1051,2519,c. AD 165,Hanson & Ortman 2017 (JRSI)
Hanson2016_953,2444,c. AD 165,Hanson & Ortman 2017 (JRSI)
Hanson2016_1133,2290,c. AD 165,Hanson & Ortman 2017 (JRSI)
Hanson2016_538,2290,c. AD 165,Hanson & Ortman 2017 (JRSI)
Hanson2016_806,2290,c. AD 165,Hanson & Ortman 2017 (JRSI)
Hanson2016_744,2290,c. AD 165,Hanson & Ortman 2017 (JRSI)
Hanson2016_912,2290,c. AD 165,Hanson & Ortman 2017 (JRSI)
Hanson2016_831,2138,c. AD 165,Hanson & Ortman 2017 (JRSI)
Hanson2016_227,1989,c. AD 165,Hanson & Ortman 2017 (JRSI)
Hanson2016_943,1906,c. AD 165,Hanson & Ortman 2017 (JRSI)
Hanson2016_798,1843,c. AD 165,Hanson & Ortman 2017 (JRSI)
Hanson2016_911,1700,c. AD 165,Hanson & Ortman 2017 (JRSI)
Hanson2016_949,1700,c. AD 165,Hanson & Ortman 2017 (JRSI)
Hanson2016_637,1559,c. AD 165,Hanson & Ortman 2017 (JRSI)
Hanson2016_629,1559,c. AD 165,Hanson & Ortman 2017 (JRSI)
Hanson2016_775,1559,c. AD 165,Hanson & Ortman 2017 (JRSI)
Hanson2016_819,1559,c. AD 165,Hanson & Ortman 2017 (JRSI)
Hanson2016_873,1559,c. AD 165,Hanson & Ortman 2017 (JRSI)
Hanson2016_1040,1559,c. AD 165,Hanson & Ortman 2017 (JRSI)
Hanson2016_926,1559,c. AD 165,Hanson & Ortman 2017 (JRSI)
Hanson2016_990,1559,c. AD 165,Hanson & Ortman 2017 (JRSI)
Hanson2016_1062,1559,c. AD 165,Hanson & Ortman 2017 (JRSI)
Hanson2016_783,1422,c. AD 165,Hanson & Ortman 2017 (JRSI)
Hanson2016_936,1422,c. AD 165,Hanson & Ortman 2017 (JRSI)
Hanson2016_1010,1344,c. AD 165,Hanson & Ortman 2017 (JRSI)
Hanson2016_628,1325,c. AD 165,Hanson & Ortman 2017 (JRSI)
Hanson2016_920,1288,c. AD 165,Hanson & Ortman 2017 (JRSI)
Hanson2016_908,1288,c. AD 165,Hanson & Ortman 2017 (JRSI)
Hanson2016_1047,1288,c. AD 165,Hanson & Ortman 2017 (JRSI)
Hanson2016_888,1216,c. AD 165,Hanson & Ortman 2017 (JRSI)
Hanson2016_687,1157,c. AD 165,Hanson & Ortman 2017 (JRSI)
Hanson2016_958,1157,c. AD 165,Hanson & Ortman 2017 (JRSI)
Hanson2016_985,1157,c. AD 165,Hanson & Ortman 2017 (JRSI)
Hanson2016_884,1053,c. AD 165,Hanson & Ortman 2017 (JRSI)
Hanson2016_612,907,c. AD 165,Hanson & Ortman 2017 (JRSI)
Hanson2016_809,907,c. AD 165,Hanson & Ortman 2017 (JRSI)
Hanson2016_760,907,c. AD 165,Hanson & Ortman 2017 (JRSI)
Hanson2016_947,907,c. AD 165,Hanson & Ortman 2017 (JRSI)
Hanson2016_501,788,c. AD 165,Hanson & Ortman 2017 (JRSI)
Hanson2016_1058,788,c. AD 165,Hanson & Ortman 2017 (JRSI)
Hanson2016_948,598,c. AD 165,Hanson & Ortman 2017 (JRSI)
Hanson2016_631,597,c. AD 165,Hanson & Ortman 2017 (JRSI)
Hanson2016_224,563,c. AD 165,Hanson & Ortman 2017 (JRSI)
Hanson2016_871,500,c. AD 165,Hanson & Ortman 2017 (JRSI)
Hanson2016_878,482,c. AD 165,Hanson & Ortman 2017 (JRSI)
Hanson2016_511,481,c. AD 165,Hanson & Ortman 2017 (JRSI)
Hanson2016_966,458,c. AD 165,Hanson & Ortman 2017 (JRSI)
Hanson2016_1018,359,c. AD 165,Hanson & Ortman 2017 (JRSI)
Hanson2016_813,267,c. AD 165,Hanson & Ortman 2017 (JRSI)
Hanson2016_877,267,c. AD 165,Hanson & Ortman 2017 (JRSI)
Hanson2016_937,106,c. AD 165,Hanson & Ortman 2017 (JRSI)
Hanson2016_1215,106,c. AD 165,Hanson & Ortman 2017 (JRSI)
Hanson2016_1,1776,c. AD 165,"Hanson 2016 area x density fit (44*ha^1.33, H&O-calibrated)"
Hanson2016_4,8512,c. AD 165,"Hanson 2016 area x density fit (44*ha^1.33, H&O-calibrated)"
Hanson2016_7,28786,c. AD 165,"Hanson 2016 area x density fit (44*ha^1.33, H&O-calibrated)"
Hanson2016_9,4096,c. AD 165,"Hanson 2016 area x density fit (44*ha^1.33, H&O-calibrated)"
Hanson2016_11,7023,c. AD 165,"Hanson 2016 area x density fit (44*ha^1.33, H&O-calibrated)"
Hanson2016_15,11219,c. AD 165,"Hanson 2016 area x density fit (44*ha^1.33, H&O-calibrated)"
Hanson2016_16,1347,c. AD 165,"Hanson 2016 area x density fit (44*ha^1.33, H&O-calibrated)"
Hanson2016_17,3214,c. AD 165,"Hanson 2016 area x density fit (44*ha^1.33, H&O-calibrated)"
Hanson2016_19,2077,c. AD 165,"Hanson 2016 area x density fit (44*ha^1.33, H&O-calibrated)"
Hanson2016_20,2877,c. AD 165,"Hanson 2016 area x density fit (44*ha^1.33, H&O-calibrated)"
Hanson2016_21,2389,c. AD 165,"Hanson 2016 area x density fit (44*ha^1.33, H&O-calibrated)"
Hanson2016_24,9842,c. AD 165,"Hanson 2016 area x density fit (44*ha^1.33, H&O-calibrated)"
Hanson2016_26,65411,c. AD 165,"Hanson 2016 area x density fit (44*ha^1.33, H&O-calibrated)"
Hanson2016_27,18704,c. AD 165,"Hanson 2016 area x density fit (44*ha^1.33, H&O-calibrated)"
Hanson2016_29,4096,c. AD 165,"Hanson 2016 area x density fit (44*ha^1.33, H&O-calibrated)"
Hanson2016_30,35749,c. AD 165,"Hanson 2016 area x density fit (44*ha^1.33, H&O-calibrated)"
Hanson2016_33,1347,c. AD 165,"Hanson 2016 area x density fit (44*ha^1.33, H&O-calibrated)"
Hanson2016_34,482,c. AD 165,"Hanson 2016 area x density fit (44*ha^1.33, H&O-calibrated)"
Hanson2016_37,16875,c. AD 165,"Hanson 2016 area x density fit (44*ha^1.33, H&O-calibrated)"
Hanson2016_39,482,c. AD 165,"Hanson 2016 area x density fit (44*ha^1.33, H&O-calibrated)"
Hanson2016_41,2077,c. AD 165,"Hanson 2016 area x density fit (44*ha^1.33, H&O-calibrated)"
Hanson2016_42,1347,c. AD 165,"Hanson 2016 area x density fit (44*ha^1.33, H&O-calibrated)"
Hanson2016_43,14844,c. AD 165,"Hanson 2016 area x density fit (44*ha^1.33, H&O-calibrated)"
Hanson2016_44,4463,c. AD 165,"Hanson 2016 area x density fit (44*ha^1.33, H&O-calibrated)"
Hanson2016_46,482,c. AD 165,"Hanson 2016 area x density fit (44*ha^1.33, H&O-calibrated)"
Hanson2016_55,26167,c. AD 165,"Hanson 2016 area x density fit (44*ha^1.33, H&O-calibrated)"
Hanson2016_56,20308,c. AD 165,"Hanson 2016 area x density fit (44*ha^1.33, H&O-calibrated)"
Hanson2016_57,31767,c. AD 165,"Hanson 2016 area x density fit (44*ha^1.33, H&O-calibrated)"
Hanson2016_58,2232,c. AD 165,"Hanson 2016 area x density fit (44*ha^1.33, H&O-calibrated)"
Hanson2016_59,23052,c. AD 165,"Hanson 2016 area x density fit (44*ha^1.33, H&O-calibrated)"
Hanson2016_60,4650,c. AD 165,"Hanson 2016 area x density fit (44*ha^1.33, H&O-calibrated)"
Hanson2016_62,2389,c. AD 165,"Hanson 2016 area x density fit (44*ha^1.33, H&O-calibrated)"
Hanson2016_63,2549,c. AD 165,"Hanson 2016 area x density fit (44*ha^1.33, H&O-calibrated)"
Hanson2016_64,1630,c. AD 165,"Hanson 2016 area x density fit (44*ha^1.33, H&O-calibrated)"
Hanson2016_65,42417,c. AD 165,"Hanson 2016 area x density fit (44*ha^1.33, H&O-calibrated)"
Hanson2016_66,12399,c. AD 165,"Hanson 2016 area x density fit (44*ha^1.33, H&O-calibrated)"
Hanson2016_68,17915,c. AD 165,"Hanson 2016 area x density fit (44*ha^1.33, H&O-calibrated)"
Hanson2016_69,3737,c. AD 165,"Hanson 2016 area x density fit (44*ha^1.33, H&O-calibrated)"
Hanson2016_70,378,c. AD 165,"Hanson 2016 area x density fit (44*ha^1.33, H&O-calibrated)"
Hanson2016_74,8080,c. AD 165,"Hanson 2016 area x density fit (44*ha^1.33, H&O-calibrated)"
Hanson2016_75,1487,c. AD 165,"Hanson 2016 area x density fit (44*ha^1.33, H&O-calibrated)"
Hanson2016_77,9394,c. AD 165,"Hanson 2016 area x density fit (44*ha^1.33, H&O-calibrated)"
Hanson2016_82,2389,c. AD 165,"Hanson 2016 area x density fit (44*ha^1.33, H&O-calibrated)"
Hanson2016_83,17915,c. AD 165,"Hanson 2016 area x density fit (44*ha^1.33, H&O-calibrated)"
Hanson2016_84,49356,c. AD 165,"Hanson 2016 area x density fit (44*ha^1.33, H&O-calibrated)"
Hanson2016_85,10296,c. AD 165,"Hanson 2016 area x density fit (44*ha^1.33, H&O-calibrated)"
Hanson2016_86,7441,c. AD 165,"Hanson 2016 area x density fit (44*ha^1.33, H&O-calibrated)"
Hanson2016_87,32070,c. AD 165,"Hanson 2016 area x density fit (44*ha^1.33, H&O-calibrated)"
Hanson2016_88,15346,c. AD 165,"Hanson 2016 area x density fit (44*ha^1.33, H&O-calibrated)"
Hanson2016_92,42741,c. AD 165,"Hanson 2016 area x density fit (44*ha^1.33, H&O-calibrated)"
Hanson2016_93,89076,c. AD 165,"Hanson 2016 area x density fit (44*ha^1.33, H&O-calibrated)"
Hanson2016_94,14346,c. AD 165,"Hanson 2016 area x density fit (44*ha^1.33, H&O-calibrated)"
Hanson2016_95,6005,c. AD 165,"Hanson 2016 area x density fit (44*ha^1.33, H&O-calibrated)"
Hanson2016_96,10755,c. AD 165,"Hanson 2016 area x density fit (44*ha^1.33, H&O-calibrated)"
Hanson2016_97,47680,c. AD 165,"Hanson 2016 area x density fit (44*ha^1.33, H&O-calibrated)"
Hanson2016_98,706,c. AD 165,"Hanson 2016 area x density fit (44*ha^1.33, H&O-calibrated)"
Hanson2016_100,4096,c. AD 165,"Hanson 2016 area x density fit (44*ha^1.33, H&O-calibrated)"
Hanson2016_101,6005,c. AD 165,"Hanson 2016 area x density fit (44*ha^1.33, H&O-calibrated)"
Hanson2016_103,8730,c. AD 165,"Hanson 2016 area x density fit (44*ha^1.33, H&O-calibrated)"
Hanson2016_104,7865,c. AD 165,"Hanson 2016 area x density fit (44*ha^1.33, H&O-calibrated)"
Hanson2016_107,4279,c. AD 165,"Hanson 2016 area x density fit (44*ha^1.33, H&O-calibrated)"
Hanson2016_108,6206,c. AD 165,"Hanson 2016 area x density fit (44*ha^1.33, H&O-calibrated)"
Hanson2016_112,31165,c. AD 165,"Hanson 2016 area x density fit (44*ha^1.33, H&O-calibrated)"
Hanson2016_113,27324,c. AD 165,"Hanson 2016 area x density fit (44*ha^1.33, H&O-calibrated)"
Hanson2016_116,82897,c. AD 165,"Hanson 2016 area x density fit (44*ha^1.33, H&O-calibrated)"
Hanson2016_117,47680,c. AD 165,"Hanson 2016 area x density fit (44*ha^1.33, H&O-calibrated)"
Hanson2016_118,31767,c. AD 165,"Hanson 2016 area x density fit (44*ha^1.33, H&O-calibrated)"
Hanson2016_123,14844,c. AD 165,"Hanson 2016 area x density fit (44*ha^1.33, H&O-calibrated)"
Hanson2016_126,34820,c. AD 165,"Hanson 2016 area x density fit (44*ha^1.33, H&O-calibrated)"
Hanson2016_127,17653,c. AD 165,"Hanson 2016 area x density fit (44*ha^1.33, H&O-calibrated)"
Hanson2016_128,34820,c. AD 165,"Hanson 2016 area x density fit (44*ha^1.33, H&O-calibrated)"
Hanson2016_129,9617,c. AD 165,"Hanson 2016 area x density fit (44*ha^1.33, H&O-calibrated)"
Hanson2016_131,36372,c. AD 165,"Hanson 2016 area x density fit (44*ha^1.33, H&O-calibrated)"
Hanson2016_133,6005,c. AD 165,"Hanson 2016 area x density fit (44*ha^1.33, H&O-calibrated)"
Hanson2016_136,13853,c. AD 165,"Hanson 2016 area x density fit (44*ha^1.33, H&O-calibrated)"
Hanson2016_139,59701,c. AD 165,"Hanson 2016 area x density fit (44*ha^1.33, H&O-calibrated)"
Hanson2016_141,6005,c. AD 165,"Hanson 2016 area x density fit (44*ha^1.33, H&O-calibrated)"
Hanson2016_144,41125,c. AD 165,"Hanson 2016 area x density fit (44*ha^1.33, H&O-calibrated)"
Hanson2016_151,43392,c. AD 165,"Hanson 2016 area x density fit (44*ha^1.33, H&O-calibrated)"
Hanson2016_152,9617,c. AD 165,"Hanson 2016 area x density fit (44*ha^1.33, H&O-calibrated)"
Hanson2016_155,16361,c. AD 165,"Hanson 2016 area x density fit (44*ha^1.33, H&O-calibrated)"
Hanson2016_159,5028,c. AD 165,"Hanson 2016 area x density fit (44*ha^1.33, H&O-calibrated)"
Hanson2016_166,7653,c. AD 165,"Hanson 2016 area x density fit (44*ha^1.33, H&O-calibrated)"
Hanson2016_170,3737,c. AD 165,"Hanson 2016 area x density fit (44*ha^1.33, H&O-calibrated)"
Hanson2016_174,4279,c. AD 165,"Hanson 2016 area x density fit (44*ha^1.33, H&O-calibrated)"
Hanson2016_177,8080,c. AD 165,"Hanson 2016 area x density fit (44*ha^1.33, H&O-calibrated)"
Hanson2016_178,36684,c. AD 165,"Hanson 2016 area x density fit (44*ha^1.33, H&O-calibrated)"
Hanson2016_180,157196,c. AD 165,"Hanson 2016 area x density fit (44*ha^1.33, H&O-calibrated)"
Hanson2016_181,8512,c. AD 165,"Hanson 2016 area x density fit (44*ha^1.33, H&O-calibrated)"
Hanson2016_187,6611,c. AD 165,"Hanson 2016 area x density fit (44*ha^1.33, H&O-calibrated)"
Hanson2016_190,15094,c. AD 165,"Hanson 2016 area x density fit (44*ha^1.33, H&O-calibrated)"
Hanson2016_191,8512,c. AD 165,"Hanson 2016 area x density fit (44*ha^1.33, H&O-calibrated)"
Hanson2016_194,5028,c. AD 165,"Hanson 2016 area x density fit (44*ha^1.33, H&O-calibrated)"
Hanson2016_195,1776,c. AD 165,"Hanson 2016 area x density fit (44*ha^1.33, H&O-calibrated)"
Hanson2016_198,7232,c. AD 165,"Hanson 2016 area x density fit (44*ha^1.33, H&O-calibrated)"
Hanson2016_201,6817,c. AD 165,"Hanson 2016 area x density fit (44*ha^1.33, H&O-calibrated)"
Hanson2016_202,44373,c. AD 165,"Hanson 2016 area x density fit (44*ha^1.33, H&O-calibrated)"
Hanson2016_203,6005,c. AD 165,"Hanson 2016 area x density fit (44*ha^1.33, H&O-calibrated)"
Hanson2016_205,15094,c. AD 165,"Hanson 2016 area x density fit (44*ha^1.33, H&O-calibrated)"
Hanson2016_207,3214,c. AD 165,"Hanson 2016 area x density fit (44*ha^1.33, H&O-calibrated)"
Hanson2016_211,42741,c. AD 165,"Hanson 2016 area x density fit (44*ha^1.33, H&O-calibrated)"
Hanson2016_215,8730,c. AD 165,"Hanson 2016 area x density fit (44*ha^1.33, H&O-calibrated)"
Hanson2016_216,25880,c. AD 165,"Hanson 2016 area x density fit (44*ha^1.33, H&O-calibrated)"
Hanson2016_217,17134,c. AD 165,"Hanson 2016 area x density fit (44*ha^1.33, H&O-calibrated)"
Hanson2016_218,4838,c. AD 165,"Hanson 2016 area x density fit (44*ha^1.33, H&O-calibrated)"
Hanson2016_225,6206,c. AD 165,"Hanson 2016 area x density fit (44*ha^1.33, H&O-calibrated)"
Hanson2016_226,2712,c. AD 165,"Hanson 2016 area x density fit (44*ha^1.33, H&O-calibrated)"
Hanson2016_229,13853,c. AD 165,"Hanson 2016 area x density fit (44*ha^1.33, H&O-calibrated)"
Hanson2016_231,10525,c. AD 165,"Hanson 2016 area x density fit (44*ha^1.33, H&O-calibrated)"
Hanson2016_233,27324,c. AD 165,"Hanson 2016 area x density fit (44*ha^1.33, H&O-calibrated)"
Hanson2016_235,5028,c. AD 165,"Hanson 2016 area x density fit (44*ha^1.33, H&O-calibrated)"
Hanson2016_236,3561,c. AD 165,"Hanson 2016 area x density fit (44*ha^1.33, H&O-calibrated)"
Hanson2016_237,16106,c. AD 165,"Hanson 2016 area x density fit (44*ha^1.33, H&O-calibrated)"
Hanson2016_238,826,c. AD 165,"Hanson 2016 area x density fit (44*ha^1.33, H&O-calibrated)"
Hanson2016_240,10296,c. AD 165,"Hanson 2016 area x density fit (44*ha^1.33, H&O-calibrated)"
Hanson2016_245,192,c. AD 165,"Hanson 2016 area x density fit (44*ha^1.33, H&O-calibrated)"
Hanson2016_248,12399,c. AD 165,"Hanson 2016 area x density fit (44*ha^1.33, H&O-calibrated)"
Hanson2016_249,82514,c. AD 165,"Hanson 2016 area x density fit (44*ha^1.33, H&O-calibrated)"
Hanson2016_250,1487,c. AD 165,"Hanson 2016 area x density fit (44*ha^1.33, H&O-calibrated)"
Hanson2016_251,10296,c. AD 165,"Hanson 2016 area x density fit (44*ha^1.33, H&O-calibrated)"
Hanson2016_253,1347,c. AD 165,"Hanson 2016 area x density fit (44*ha^1.33, H&O-calibrated)"
Hanson2016_255,13364,c. AD 165,"Hanson 2016 area x density fit (44*ha^1.33, H&O-calibrated)"
Hanson2016_257,7653,c. AD 165,"Hanson 2016 area x density fit (44*ha^1.33, H&O-calibrated)"
Hanson2016_259,2389,c. AD 165,"Hanson 2016 area x density fit (44*ha^1.33, H&O-calibrated)"
Hanson2016_262,4279,c. AD 165,"Hanson 2016 area x density fit (44*ha^1.33, H&O-calibrated)"
Hanson2016_263,1487,c. AD 165,"Hanson 2016 area x density fit (44*ha^1.33, H&O-calibrated)"
Hanson2016_266,25023,c. AD 165,"Hanson 2016 area x density fit (44*ha^1.33, H&O-calibrated)"
Hanson2016_267,9842,c. AD 165,"Hanson 2016 area x density fit (44*ha^1.33, H&O-calibrated)"
Hanson2016_268,4279,c. AD 165,"Hanson 2016 area x density fit (44*ha^1.33, H&O-calibrated)"
Hanson2016_270,23611,c. AD 165,"Hanson 2016 area x density fit (44*ha^1.33, H&O-calibrated)"
Hanson2016_271,706,c. AD 165,"Hanson 2016 area x density fit (44*ha^1.33, H&O-calibrated)"
Hanson2016_275,5806,c. AD 165,"Hanson 2016 area x density fit (44*ha^1.33, H&O-calibrated)"
Hanson2016_277,30566,c. AD 165,"Hanson 2016 area x density fit (44*ha^1.33, H&O-calibrated)"
Hanson2016_280,42417,c. AD 165,"Hanson 2016 area x density fit (44*ha^1.33, H&O-calibrated)"
Hanson2016_282,3737,c. AD 165,"Hanson 2016 area x density fit (44*ha^1.33, H&O-calibrated)"
Hanson2016_287,4838,c. AD 165,"Hanson 2016 area x density fit (44*ha^1.33, H&O-calibrated)"
Hanson2016_288,3214,c. AD 165,"Hanson 2016 area x density fit (44*ha^1.33, H&O-calibrated)"
Hanson2016_291,2389,c. AD 165,"Hanson 2016 area x density fit (44*ha^1.33, H&O-calibrated)"
Hanson2016_297,706,c. AD 165,"Hanson 2016 area x density fit (44*ha^1.33, H&O-calibrated)"
Hanson2016_300,14594,c. AD 165,"Hanson 2016 area x density fit (44*ha^1.33, H&O-calibrated)"
Hanson2016_301,10296,c. AD 165,"Hanson 2016 area x density fit (44*ha^1.33, H&O-calibrated)"
Hanson2016_303,6817,c. AD 165,"Hanson 2016 area x density fit (44*ha^1.33, H&O-calibrated)"
Hanson2016_305,57943,c. AD 165,"Hanson 2016 area x density fit (44*ha^1.33, H&O-calibrated)"
Hanson2016_308,8080,c. AD 165,"Hanson 2016 area x density fit (44*ha^1.33, H&O-calibrated)"
Hanson2016_309,133449,c. AD 165,"Hanson 2016 area x density fit (44*ha^1.33, H&O-calibrated)"
Hanson2016_311,31767,c. AD 165,"Hanson 2016 area x density fit (44*ha^1.33, H&O-calibrated)"
Hanson2016_312,34820,c. AD 165,"Hanson 2016 area x density fit (44*ha^1.33, H&O-calibrated)"
Hanson2016_316,5028,c. AD 165,"Hanson 2016 area x density fit (44*ha^1.33, H&O-calibrated)"
Hanson2016_318,14594,c. AD 165,"Hanson 2016 area x density fit (44*ha^1.33, H&O-calibrated)"
Hanson2016_319,3561,c. AD 165,"Hanson 2016 area x density fit (44*ha^1.33, H&O-calibrated)"
Hanson2016_323,5028,c. AD 165,"Hanson 2016 area x density fit (44*ha^1.33, H&O-calibrated)"
Hanson2016_326,14346,c. AD 165,"Hanson 2016 area x density fit (44*ha^1.33, H&O-calibrated)"
Hanson2016_329,1079,c. AD 165,"Hanson 2016 area x density fit (44*ha^1.33, H&O-calibrated)"
Hanson2016_333,7441,c. AD 165,"Hanson 2016 area x density fit (44*ha^1.33, H&O-calibrated)"
Hanson2016_334,3045,c. AD 165,"Hanson 2016 area x density fit (44*ha^1.33, H&O-calibrated)"
Hanson2016_337,15346,c. AD 165,"Hanson 2016 area x density fit (44*ha^1.33, H&O-calibrated)"
Hanson2016_338,6408,c. AD 165,"Hanson 2016 area x density fit (44*ha^1.33, H&O-calibrated)"
Hanson2016_340,592,c. AD 165,"Hanson 2016 area x density fit (44*ha^1.33, H&O-calibrated)"
Hanson2016_343,706,c. AD 165,"Hanson 2016 area x density fit (44*ha^1.33, H&O-calibrated)"
Hanson2016_350,592,c. AD 165,"Hanson 2016 area x density fit (44*ha^1.33, H&O-calibrated)"
Hanson2016_352,281,c. AD 165,"Hanson 2016 area x density fit (44*ha^1.33, H&O-calibrated)"
Hanson2016_356,826,c. AD 165,"Hanson 2016 area x density fit (44*ha^1.33, H&O-calibrated)"
Hanson2016_364,950,c. AD 165,"Hanson 2016 area x density fit (44*ha^1.33, H&O-calibrated)"
Hanson2016_365,5609,c. AD 165,"Hanson 2016 area x density fit (44*ha^1.33, H&O-calibrated)"
Hanson2016_367,482,c. AD 165,"Hanson 2016 area x density fit (44*ha^1.33, H&O-calibrated)"
Hanson2016_373,24739,c. AD 165,"Hanson 2016 area x density fit (44*ha^1.33, H&O-calibrated)"
Hanson2016_378,24174,c. AD 165,"Hanson 2016 area x density fit (44*ha^1.33, H&O-calibrated)"
Hanson2016_379,60761,c. AD 165,"Hanson 2016 area x density fit (44*ha^1.33, H&O-calibrated)"
Hanson2016_381,11687,c. AD 165,"Hanson 2016 area x density fit (44*ha^1.33, H&O-calibrated)"
Hanson2016_383,1211,c. AD 165,"Hanson 2016 area x density fit (44*ha^1.33, H&O-calibrated)"
Hanson2016_384,1776,c. AD 165,"Hanson 2016 area x density fit (44*ha^1.33, H&O-calibrated)"
Hanson2016_385,7023,c. AD 165,"Hanson 2016 area x density fit (44*ha^1.33, H&O-calibrated)"
Hanson2016_386,7653,c. AD 165,"Hanson 2016 area x density fit (44*ha^1.33, H&O-calibrated)"
Hanson2016_387,18440,c. AD 165,"Hanson 2016 area x density fit (44*ha^1.33, H&O-calibrated)"
Hanson2016_388,1776,c. AD 165,"Hanson 2016 area x density fit (44*ha^1.33, H&O-calibrated)"
Hanson2016_389,5806,c. AD 165,"Hanson 2016 area x density fit (44*ha^1.33, H&O-calibrated)"
Hanson2016_390,2077,c. AD 165,"Hanson 2016 area x density fit (44*ha^1.33, H&O-calibrated)"
Hanson2016_391,826,c. AD 165,"Hanson 2016 area x density fit (44*ha^1.33, H&O-calibrated)"
Hanson2016_392,10069,c. AD 165,"Hanson 2016 area x density fit (44*ha^1.33, H&O-calibrated)"
Hanson2016_393,6005,c. AD 165,"Hanson 2016 area x density fit (44*ha^1.33, H&O-calibrated)"
Hanson2016_394,8512,c. AD 165,"Hanson 2016 area x density fit (44*ha^1.33, H&O-calibrated)"
Hanson2016_395,5414,c. AD 165,"Hanson 2016 area x density fit (44*ha^1.33, H&O-calibrated)"
Hanson2016_396,2389,c. AD 165,"Hanson 2016 area x density fit (44*ha^1.33, H&O-calibrated)"
Hanson2016_397,826,c. AD 165,"Hanson 2016 area x density fit (44*ha^1.33, H&O-calibrated)"
Hanson2016_398,6206,c. AD 165,"Hanson 2016 area x density fit (44*ha^1.33, H&O-calibrated)"
Hanson2016_399,37940,c. AD 165,"Hanson 2016 area x density fit (44*ha^1.33, H&O-calibrated)"
Hanson2016_400,3737,c. AD 165,"Hanson 2016 area x density fit (44*ha^1.33, H&O-calibrated)"
Hanson2016_401,1630,c. AD 165,"Hanson 2016 area x density fit (44*ha^1.33, H&O-calibrated)"
Hanson2016_403,378,c. AD 165,"Hanson 2016 area x density fit (44*ha^1.33, H&O-calibrated)"
Hanson2016_404,7232,c. AD 165,"Hanson 2016 area x density fit (44*ha^1.33, H&O-calibrated)"
Hanson2016_405,9842,c. AD 165,"Hanson 2016 area x density fit (44*ha^1.33, H&O-calibrated)"
Hanson2016_406,2077,c. AD 165,"Hanson 2016 area x density fit (44*ha^1.33, H&O-calibrated)"
Hanson2016_407,2077,c. AD 165,"Hanson 2016 area x density fit (44*ha^1.33, H&O-calibrated)"
Hanson2016_408,17653,c. AD 165,"Hanson 2016 area x density fit (44*ha^1.33, H&O-calibrated)"
Hanson2016_409,15598,c. AD 165,"Hanson 2016 area x density fit (44*ha^1.33, H&O-calibrated)"
Hanson2016_410,3737,c. AD 165,"Hanson 2016 area x density fit (44*ha^1.33, H&O-calibrated)"
Hanson2016_411,24456,c. AD 165,"Hanson 2016 area x density fit (44*ha^1.33, H&O-calibrated)"
Hanson2016_412,5806,c. AD 165,"Hanson 2016 area x density fit (44*ha^1.33, H&O-calibrated)"
Hanson2016_421,4463,c. AD 165,"Hanson 2016 area x density fit (44*ha^1.33, H&O-calibrated)"
Hanson2016_428,2077,c. AD 165,"Hanson 2016 area x density fit (44*ha^1.33, H&O-calibrated)"
Hanson2016_430,10296,c. AD 165,"Hanson 2016 area x density fit (44*ha^1.33, H&O-calibrated)"
Hanson2016_432,3045,c. AD 165,"Hanson 2016 area x density fit (44*ha^1.33, H&O-calibrated)"
Hanson2016_435,7865,c. AD 165,"Hanson 2016 area x density fit (44*ha^1.33, H&O-calibrated)"
Hanson2016_441,6005,c. AD 165,"Hanson 2016 area x density fit (44*ha^1.33, H&O-calibrated)"
Hanson2016_444,1487,c. AD 165,"Hanson 2016 area x density fit (44*ha^1.33, H&O-calibrated)"
Hanson2016_446,3386,c. AD 165,"Hanson 2016 area x density fit (44*ha^1.33, H&O-calibrated)"
Hanson2016_447,6005,c. AD 165,"Hanson 2016 area x density fit (44*ha^1.33, H&O-calibrated)"
Hanson2016_453,20308,c. AD 165,"Hanson 2016 area x density fit (44*ha^1.33, H&O-calibrated)"
Hanson2016_457,5414,c. AD 165,"Hanson 2016 area x density fit (44*ha^1.33, H&O-calibrated)"
Hanson2016_458,16106,c. AD 165,"Hanson 2016 area x density fit (44*ha^1.33, H&O-calibrated)"
Hanson2016_459,6611,c. AD 165,"Hanson 2016 area x density fit (44*ha^1.33, H&O-calibrated)"
Hanson2016_460,6206,c. AD 165,"Hanson 2016 area x density fit (44*ha^1.33, H&O-calibrated)"
Hanson2016_461,3386,c. AD 165,"Hanson 2016 area x density fit (44*ha^1.33, H&O-calibrated)"
Hanson2016_468,3214,c. AD 165,"Hanson 2016 area x density fit (44*ha^1.33, H&O-calibrated)"
Hanson2016_469,4463,c. AD 165,"Hanson 2016 area x density fit (44*ha^1.33, H&O-calibrated)"
Hanson2016_473,2712,c. AD 165,"Hanson 2016 area x density fit (44*ha^1.33, H&O-calibrated)"
Hanson2016_474,6408,c. AD 165,"Hanson 2016 area x density fit (44*ha^1.33, H&O-calibrated)"
Hanson2016_476,32980,c. AD 165,"Hanson 2016 area x density fit (44*ha^1.33, H&O-calibrated)"
Hanson2016_478,12879,c. AD 165,"Hanson 2016 area x density fit (44*ha^1.33, H&O-calibrated)"
Hanson2016_479,8950,c. AD 165,"Hanson 2016 area x density fit (44*ha^1.33, H&O-calibrated)"
Hanson2016_480,16361,c. AD 165,"Hanson 2016 area x density fit (44*ha^1.33, H&O-calibrated)"
Hanson2016_481,22220,c. AD 165,"Hanson 2016 area x density fit (44*ha^1.33, H&O-calibrated)"
Hanson2016_482,25593,c. AD 165,"Hanson 2016 area x density fit (44*ha^1.33, H&O-calibrated)"
Hanson2016_484,23331,c. AD 165,"Hanson 2016 area x density fit (44*ha^1.33, H&O-calibrated)"
Hanson2016_486,2077,c. AD 165,"Hanson 2016 area x density fit (44*ha^1.33, H&O-calibrated)"
Hanson2016_487,4096,c. AD 165,"Hanson 2016 area x density fit (44*ha^1.33, H&O-calibrated)"
Hanson2016_488,54123,c. AD 165,"Hanson 2016 area x density fit (44*ha^1.33, H&O-calibrated)"
Hanson2016_489,1211,c. AD 165,"Hanson 2016 area x density fit (44*ha^1.33, H&O-calibrated)"
Hanson2016_490,6206,c. AD 165,"Hanson 2016 area x density fit (44*ha^1.33, H&O-calibrated)"
Hanson2016_492,4096,c. AD 165,"Hanson 2016 area x density fit (44*ha^1.33, H&O-calibrated)"
Hanson2016_494,1347,c. AD 165,"Hanson 2016 area x density fit (44*ha^1.33, H&O-calibrated)"
Hanson2016_497,2712,c. AD 165,"Hanson 2016 area x density fit (44*ha^1.33, H&O-calibrated)"
Hanson2016_498,13121,c. AD 165,"Hanson 2016 area x density fit (44*ha^1.33, H&O-calibrated)"
Hanson2016_499,13121,c. AD 165,"Hanson 2016 area x density fit (44*ha^1.33, H&O-calibrated)"
Hanson2016_504,1776,c. AD 165,"Hanson 2016 area x density fit (44*ha^1.33, H&O-calibrated)"
Hanson2016_505,1347,c. AD 165,"Hanson 2016 area x density fit (44*ha^1.33, H&O-calibrated)"
Hanson2016_509,281,c. AD 165,"Hanson 2016 area x density fit (44*ha^1.33, H&O-calibrated)"
Hanson2016_525,3214,c. AD 165,"Hanson 2016 area x density fit (44*ha^1.33, H&O-calibrated)"
Hanson2016_529,30566,c. AD 165,"Hanson 2016 area x density fit (44*ha^1.33, H&O-calibrated)"
Hanson2016_530,1925,c. AD 165,"Hanson 2016 area x density fit (44*ha^1.33, H&O-calibrated)"
Hanson2016_532,3045,c. AD 165,"Hanson 2016 area x density fit (44*ha^1.33, H&O-calibrated)"
Hanson2016_550,3916,c. AD 165,"Hanson 2016 area x density fit (44*ha^1.33, H&O-calibrated)"
Hanson2016_555,826,c. AD 165,"Hanson 2016 area x density fit (44*ha^1.33, H&O-calibrated)"
Hanson2016_557,592,c. AD 165,"Hanson 2016 area x density fit (44*ha^1.33, H&O-calibrated)"
Hanson2016_559,13853,c. AD 165,"Hanson 2016 area x density fit (44*ha^1.33, H&O-calibrated)"
Hanson2016_560,5028,c. AD 165,"Hanson 2016 area x density fit (44*ha^1.33, H&O-calibrated)"
Hanson2016_561,1776,c. AD 165,"Hanson 2016 area x density fit (44*ha^1.33, H&O-calibrated)"
Hanson2016_564,17915,c. AD 165,"Hanson 2016 area x density fit (44*ha^1.33, H&O-calibrated)"
Hanson2016_565,22497,c. AD 165,"Hanson 2016 area x density fit (44*ha^1.33, H&O-calibrated)"
Hanson2016_566,20039,c. AD 165,"Hanson 2016 area x density fit (44*ha^1.33, H&O-calibrated)"
Hanson2016_567,16618,c. AD 165,"Hanson 2016 area x density fit (44*ha^1.33, H&O-calibrated)"
Hanson2016_568,1925,c. AD 165,"Hanson 2016 area x density fit (44*ha^1.33, H&O-calibrated)"
Hanson2016_569,23052,c. AD 165,"Hanson 2016 area x density fit (44*ha^1.33, H&O-calibrated)"
Hanson2016_570,15094,c. AD 165,"Hanson 2016 area x density fit (44*ha^1.33, H&O-calibrated)"
Hanson2016_571,7865,c. AD 165,"Hanson 2016 area x density fit (44*ha^1.33, H&O-calibrated)"
Hanson2016_573,1347,c. AD 165,"Hanson 2016 area x density fit (44*ha^1.33, H&O-calibrated)"
Hanson2016_574,5609,c. AD 165,"Hanson 2016 area x density fit (44*ha^1.33, H&O-calibrated)"
Hanson2016_577,12639,c. AD 165,"Hanson 2016 area x density fit (44*ha^1.33, H&O-calibrated)"
Hanson2016_578,51046,c. AD 165,"Hanson 2016 area x density fit (44*ha^1.33, H&O-calibrated)"
Hanson2016_580,39525,c. AD 165,"Hanson 2016 area x density fit (44*ha^1.33, H&O-calibrated)"
Hanson2016_581,18969,c. AD 165,"Hanson 2016 area x density fit (44*ha^1.33, H&O-calibrated)"
Hanson2016_583,5414,c. AD 165,"Hanson 2016 area x density fit (44*ha^1.33, H&O-calibrated)"
Hanson2016_584,150,c. AD 165,"Hanson 2016 area x density fit (44*ha^1.33, H&O-calibrated)"
Hanson2016_585,592,c. AD 165,"Hanson 2016 area x density fit (44*ha^1.33, H&O-calibrated)"
Hanson2016_590,9617,c. AD 165,"Hanson 2016 area x density fit (44*ha^1.33, H&O-calibrated)"
Hanson2016_591,3214,c. AD 165,"Hanson 2016 area x density fit (44*ha^1.33, H&O-calibrated)"
Hanson2016_592,11452,c. AD 165,"Hanson 2016 area x density fit (44*ha^1.33, H&O-calibrated)"
Hanson2016_593,4096,c. AD 165,"Hanson 2016 area x density fit (44*ha^1.33, H&O-calibrated)"
Hanson2016_595,950,c. AD 165,"Hanson 2016 area x density fit (44*ha^1.33, H&O-calibrated)"
Hanson2016_596,1211,c. AD 165,"Hanson 2016 area x density fit (44*ha^1.33, H&O-calibrated)"
Hanson2016_597,47347,c. AD 165,"Hanson 2016 area x density fit (44*ha^1.33, H&O-calibrated)"
Hanson2016_599,19502,c. AD 165,"Hanson 2016 area x density fit (44*ha^1.33, H&O-calibrated)"
Hanson2016_601,15094,c. AD 165,"Hanson 2016 area x density fit (44*ha^1.33, H&O-calibrated)"
Hanson2016_603,1630,c. AD 165,"Hanson 2016 area x density fit (44*ha^1.33, H&O-calibrated)"
Hanson2016_604,7653,c. AD 165,"Hanson 2016 area x density fit (44*ha^1.33, H&O-calibrated)"
Hanson2016_605,35438,c. AD 165,"Hanson 2016 area x density fit (44*ha^1.33, H&O-calibrated)"
Hanson2016_606,1630,c. AD 165,"Hanson 2016 area x density fit (44*ha^1.33, H&O-calibrated)"
Hanson2016_607,11923,c. AD 165,"Hanson 2016 area x density fit (44*ha^1.33, H&O-calibrated)"
Hanson2016_608,8730,c. AD 165,"Hanson 2016 area x density fit (44*ha^1.33, H&O-calibrated)"
Hanson2016_609,950,c. AD 165,"Hanson 2016 area x density fit (44*ha^1.33, H&O-calibrated)"
Hanson2016_610,3916,c. AD 165,"Hanson 2016 area x density fit (44*ha^1.33, H&O-calibrated)"
Hanson2016_614,31767,c. AD 165,"Hanson 2016 area x density fit (44*ha^1.33, H&O-calibrated)"
Hanson2016_615,13608,c. AD 165,"Hanson 2016 area x density fit (44*ha^1.33, H&O-calibrated)"
Hanson2016_616,2877,c. AD 165,"Hanson 2016 area x density fit (44*ha^1.33, H&O-calibrated)"
Hanson2016_619,23331,c. AD 165,"Hanson 2016 area x density fit (44*ha^1.33, H&O-calibrated)"
Hanson2016_622,11219,c. AD 165,"Hanson 2016 area x density fit (44*ha^1.33, H&O-calibrated)"
Hanson2016_624,3737,c. AD 165,"Hanson 2016 area x density fit (44*ha^1.33, H&O-calibrated)"
Hanson2016_625,15346,c. AD 165,"Hanson 2016 area x density fit (44*ha^1.33, H&O-calibrated)"
Hanson2016_626,9842,c. AD 165,"Hanson 2016 area x density fit (44*ha^1.33, H&O-calibrated)"
Hanson2016_633,11452,c. AD 165,"Hanson 2016 area x density fit (44*ha^1.33, H&O-calibrated)"
Hanson2016_635,5806,c. AD 165,"Hanson 2016 area x density fit (44*ha^1.33, H&O-calibrated)"
Hanson2016_636,7023,c. AD 165,"Hanson 2016 area x density fit (44*ha^1.33, H&O-calibrated)"
Hanson2016_638,3386,c. AD 165,"Hanson 2016 area x density fit (44*ha^1.33, H&O-calibrated)"
Hanson2016_640,482,c. AD 165,"Hanson 2016 area x density fit (44*ha^1.33, H&O-calibrated)"
Hanson2016_643,950,c. AD 165,"Hanson 2016 area x density fit (44*ha^1.33, H&O-calibrated)"
Hanson2016_645,7865,c. AD 165,"Hanson 2016 area x density fit (44*ha^1.33, H&O-calibrated)"
Hanson2016_647,4463,c. AD 165,"Hanson 2016 area x density fit (44*ha^1.33, H&O-calibrated)"
Hanson2016_650,2389,c. AD 165,"Hanson 2016 area x density fit (44*ha^1.33, H&O-calibrated)"
Hanson2016_653,378,c. AD 165,"Hanson 2016 area x density fit (44*ha^1.33, H&O-calibrated)"
Hanson2016_654,17915,c. AD 165,"Hanson 2016 area x density fit (44*ha^1.33, H&O-calibrated)"
Hanson2016_655,2549,c. AD 165,"Hanson 2016 area x density fit (44*ha^1.33, H&O-calibrated)"
Hanson2016_659,27615,c. AD 165,"Hanson 2016 area x density fit (44*ha^1.33, H&O-calibrated)"
Hanson2016_661,15094,c. AD 165,"Hanson 2016 area x density fit (44*ha^1.33, H&O-calibrated)"
Hanson2016_663,5028,c. AD 165,"Hanson 2016 area x density fit (44*ha^1.33, H&O-calibrated)"
Hanson2016_664,6005,c. AD 165,"Hanson 2016 area x density fit (44*ha^1.33, H&O-calibrated)"
Hanson2016_666,4096,c. AD 165,"Hanson 2016 area x density fit (44*ha^1.33, H&O-calibrated)"
Hanson2016_667,9171,c. AD 165,"Hanson 2016 area x density fit (44*ha^1.33, H&O-calibrated)"
Hanson2016_668,6611,c. AD 165,"Hanson 2016 area x density fit (44*ha^1.33, H&O-calibrated)"
Hanson2016_670,6206,c. AD 165,"Hanson 2016 area x density fit (44*ha^1.33, H&O-calibrated)"
Hanson2016_671,6408,c. AD 165,"Hanson 2016 area x density fit (44*ha^1.33, H&O-calibrated)"
Hanson2016_674,482,c. AD 165,"Hanson 2016 area x density fit (44*ha^1.33, H&O-calibrated)"
Hanson2016_676,2389,c. AD 165,"Hanson 2016 area x density fit (44*ha^1.33, H&O-calibrated)"
Hanson2016_677,5220,c. AD 165,"Hanson 2016 area x density fit (44*ha^1.33, H&O-calibrated)"
Hanson2016_678,3214,c. AD 165,"Hanson 2016 area x density fit (44*ha^1.33, H&O-calibrated)"
Hanson2016_679,15598,c. AD 165,"Hanson 2016 area x density fit (44*ha^1.33, H&O-calibrated)"
Hanson2016_682,281,c. AD 165,"Hanson 2016 area x density fit (44*ha^1.33, H&O-calibrated)"
Hanson2016_683,378,c. AD 165,"Hanson 2016 area x density fit (44*ha^1.33, H&O-calibrated)"
Hanson2016_684,3386,c. AD 165,"Hanson 2016 area x density fit (44*ha^1.33, H&O-calibrated)"
Hanson2016_686,1211,c. AD 165,"Hanson 2016 area x density fit (44*ha^1.33, H&O-calibrated)"
Hanson2016_688,3916,c. AD 165,"Hanson 2016 area x density fit (44*ha^1.33, H&O-calibrated)"
Hanson2016_691,7441,c. AD 165,"Hanson 2016 area x density fit (44*ha^1.33, H&O-calibrated)"
Hanson2016_692,1776,c. AD 165,"Hanson 2016 area x density fit (44*ha^1.33, H&O-calibrated)"
Hanson2016_694,6005,c. AD 165,"Hanson 2016 area x density fit (44*ha^1.33, H&O-calibrated)"
Hanson2016_695,482,c. AD 165,"Hanson 2016 area x density fit (44*ha^1.33, H&O-calibrated)"
Hanson2016_696,12639,c. AD 165,"Hanson 2016 area x density fit (44*ha^1.33, H&O-calibrated)"
Hanson2016_700,3045,c. AD 165,"Hanson 2016 area x density fit (44*ha^1.33, H&O-calibrated)"
Hanson2016_701,2232,c. AD 165,"Hanson 2016 area x density fit (44*ha^1.33, H&O-calibrated)"
Hanson2016_703,378,c. AD 165,"Hanson 2016 area x density fit (44*ha^1.33, H&O-calibrated)"
Hanson2016_705,1347,c. AD 165,"Hanson 2016 area x density fit (44*ha^1.33, H&O-calibrated)"
Hanson2016_706,2389,c. AD 165,"Hanson 2016 area x density fit (44*ha^1.33, H&O-calibrated)"
Hanson2016_708,826,c. AD 165,"Hanson 2016 area x density fit (44*ha^1.33, H&O-calibrated)"
Hanson2016_711,950,c. AD 165,"Hanson 2016 area x density fit (44*ha^1.33, H&O-calibrated)"
Hanson2016_713,150,c. AD 165,"Hanson 2016 area x density fit (44*ha^1.33, H&O-calibrated)"
Hanson2016_714,6206,c. AD 165,"Hanson 2016 area x density fit (44*ha^1.33, H&O-calibrated)"
Hanson2016_717,3045,c. AD 165,"Hanson 2016 area x density fit (44*ha^1.33, H&O-calibrated)"
Hanson2016_718,1925,c. AD 165,"Hanson 2016 area x density fit (44*ha^1.33, H&O-calibrated)"
Hanson2016_720,482,c. AD 165,"Hanson 2016 area x density fit (44*ha^1.33, H&O-calibrated)"
Hanson2016_721,1211,c. AD 165,"Hanson 2016 area x density fit (44*ha^1.33, H&O-calibrated)"
Hanson2016_722,1630,c. AD 165,"Hanson 2016 area x density fit (44*ha^1.33, H&O-calibrated)"
Hanson2016_724,950,c. AD 165,"Hanson 2016 area x density fit (44*ha^1.33, H&O-calibrated)"
Hanson2016_725,3561,c. AD 165,"Hanson 2016 area x density fit (44*ha^1.33, H&O-calibrated)"
Hanson2016_727,1630,c. AD 165,"Hanson 2016 area x density fit (44*ha^1.33, H&O-calibrated)"
Hanson2016_728,1079,c. AD 165,"Hanson 2016 area x density fit (44*ha^1.33, H&O-calibrated)"
Hanson2016_730,1211,c. AD 165,"Hanson 2016 area x density fit (44*ha^1.33, H&O-calibrated)"
Hanson2016_732,2232,c. AD 165,"Hanson 2016 area x density fit (44*ha^1.33, H&O-calibrated)"
Hanson2016_733,378,c. AD 165,"Hanson 2016 area x density fit (44*ha^1.33, H&O-calibrated)"
Hanson2016_736,5414,c. AD 165,"Hanson 2016 area x density fit (44*ha^1.33, H&O-calibrated)"
Hanson2016_737,950,c. AD 165,"Hanson 2016 area x density fit (44*ha^1.33, H&O-calibrated)"
Hanson2016_738,1487,c. AD 165,"Hanson 2016 area x density fit (44*ha^1.33, H&O-calibrated)"
Hanson2016_739,3737,c. AD 165,"Hanson 2016 area x density fit (44*ha^1.33, H&O-calibrated)"
Hanson2016_740,3214,c. AD 165,"Hanson 2016 area x density fit (44*ha^1.33, H&O-calibrated)"
Hanson2016_741,1925,c. AD 165,"Hanson 2016 area x density fit (44*ha^1.33, H&O-calibrated)"
Hanson2016_742,2877,c. AD 165,"Hanson 2016 area x density fit (44*ha^1.33, H&O-calibrated)"
Hanson2016_748,7023,c. AD 165,"Hanson 2016 area x density fit (44*ha^1.33, H&O-calibrated)"
Hanson2016_750,482,c. AD 165,"Hanson 2016 area x density fit (44*ha^1.33, H&O-calibrated)"
Hanson2016_751,8080,c. AD 165,"Hanson 2016 area x density fit (44*ha^1.33, H&O-calibrated)"
Hanson2016_755,1487,c. AD 165,"Hanson 2016 area x density fit (44*ha^1.33, H&O-calibrated)"
Hanson2016_756,1347,c. AD 165,"Hanson 2016 area x density fit (44*ha^1.33, H&O-calibrated)"
Hanson2016_758,45689,c. AD 165,"Hanson 2016 area x density fit (44*ha^1.33, H&O-calibrated)"
Hanson2016_764,150,c. AD 165,"Hanson 2016 area x density fit (44*ha^1.33, H&O-calibrated)"
Hanson2016_765,4096,c. AD 165,"Hanson 2016 area x density fit (44*ha^1.33, H&O-calibrated)"
Hanson2016_766,1630,c. AD 165,"Hanson 2016 area x density fit (44*ha^1.33, H&O-calibrated)"
Hanson2016_767,950,c. AD 165,"Hanson 2016 area x density fit (44*ha^1.33, H&O-calibrated)"
Hanson2016_769,3737,c. AD 165,"Hanson 2016 area x density fit (44*ha^1.33, H&O-calibrated)"
Hanson2016_770,950,c. AD 165,"Hanson 2016 area x density fit (44*ha^1.33, H&O-calibrated)"
Hanson2016_771,2389,c. AD 165,"Hanson 2016 area x density fit (44*ha^1.33, H&O-calibrated)"
Hanson2016_774,1487,c. AD 165,"Hanson 2016 area x density fit (44*ha^1.33, H&O-calibrated)"
Hanson2016_776,2389,c. AD 165,"Hanson 2016 area x density fit (44*ha^1.33, H&O-calibrated)"
Hanson2016_777,3561,c. AD 165,"Hanson 2016 area x density fit (44*ha^1.33, H&O-calibrated)"
Hanson2016_780,3916,c. AD 165,"Hanson 2016 area x density fit (44*ha^1.33, H&O-calibrated)"
Hanson2016_781,1347,c. AD 165,"Hanson 2016 area x density fit (44*ha^1.33, H&O-calibrated)"
Hanson2016_782,4650,c. AD 165,"Hanson 2016 area x density fit (44*ha^1.33, H&O-calibrated)"
Hanson2016_786,5609,c. AD 165,"Hanson 2016 area x density fit (44*ha^1.33, H&O-calibrated)"
Hanson2016_787,24174,c. AD 165,"Hanson 2016 area x density fit (44*ha^1.33, H&O-calibrated)"
Hanson2016_789,16361,c. AD 165,"Hanson 2016 area x density fit (44*ha^1.33, H&O-calibrated)"
Hanson2016_793,950,c. AD 165,"Hanson 2016 area x density fit (44*ha^1.33, H&O-calibrated)"
Hanson2016_795,3561,c. AD 165,"Hanson 2016 area x density fit (44*ha^1.33, H&O-calibrated)"
Hanson2016_797,1487,c. AD 165,"Hanson 2016 area x density fit (44*ha^1.33, H&O-calibrated)"
Hanson2016_799,4279,c. AD 165,"Hanson 2016 area x density fit (44*ha^1.33, H&O-calibrated)"
Hanson2016_800,12879,c. AD 165,"Hanson 2016 area x density fit (44*ha^1.33, H&O-calibrated)"
Hanson2016_801,5028,c. AD 165,"Hanson 2016 area x density fit (44*ha^1.33, H&O-calibrated)"
Hanson2016_802,6206,c. AD 165,"Hanson 2016 area x density fit (44*ha^1.33, H&O-calibrated)"
Hanson2016_803,2712,c. AD 165,"Hanson 2016 area x density fit (44*ha^1.33, H&O-calibrated)"
Hanson2016_805,17653,c. AD 165,"Hanson 2016 area x density fit (44*ha^1.33, H&O-calibrated)"
Hanson2016_808,1630,c. AD 165,"Hanson 2016 area x density fit (44*ha^1.33, H&O-calibrated)"
Hanson2016_817,2389,c. AD 165,"Hanson 2016 area x density fit (44*ha^1.33, H&O-calibrated)"
Hanson2016_822,10755,c. AD 165,"Hanson 2016 area x density fit (44*ha^1.33, H&O-calibrated)"
Hanson2016_826,2389,c. AD 165,"Hanson 2016 area x density fit (44*ha^1.33, H&O-calibrated)"
Hanson2016_828,2389,c. AD 165,"Hanson 2016 area x density fit (44*ha^1.33, H&O-calibrated)"
Hanson2016_829,2389,c. AD 165,"Hanson 2016 area x density fit (44*ha^1.33, H&O-calibrated)"
Hanson2016_833,13853,c. AD 165,"Hanson 2016 area x density fit (44*ha^1.33, H&O-calibrated)"
Hanson2016_834,2389,c. AD 165,"Hanson 2016 area x density fit (44*ha^1.33, H&O-calibrated)"
Hanson2016_837,1347,c. AD 165,"Hanson 2016 area x density fit (44*ha^1.33, H&O-calibrated)"
Hanson2016_838,2712,c. AD 165,"Hanson 2016 area x density fit (44*ha^1.33, H&O-calibrated)"
Hanson2016_841,1925,c. AD 165,"Hanson 2016 area x density fit (44*ha^1.33, H&O-calibrated)"
Hanson2016_842,31165,c. AD 165,"Hanson 2016 area x density fit (44*ha^1.33, H&O-calibrated)"
Hanson2016_843,8080,c. AD 165,"Hanson 2016 area x density fit (44*ha^1.33, H&O-calibrated)"
Hanson2016_847,950,c. AD 165,"Hanson 2016 area x density fit (44*ha^1.33, H&O-calibrated)"
Hanson2016_850,4463,c. AD 165,"Hanson 2016 area x density fit (44*ha^1.33, H&O-calibrated)"
Hanson2016_851,950,c. AD 165,"Hanson 2016 area x density fit (44*ha^1.33, H&O-calibrated)"
Hanson2016_852,950,c. AD 165,"Hanson 2016 area x density fit (44*ha^1.33, H&O-calibrated)"
Hanson2016_853,8080,c. AD 165,"Hanson 2016 area x density fit (44*ha^1.33, H&O-calibrated)"
Hanson2016_856,4650,c. AD 165,"Hanson 2016 area x density fit (44*ha^1.33, H&O-calibrated)"
Hanson2016_857,1630,c. AD 165,"Hanson 2016 area x density fit (44*ha^1.33, H&O-calibrated)"
Hanson2016_858,14594,c. AD 165,"Hanson 2016 area x density fit (44*ha^1.33, H&O-calibrated)"
Hanson2016_859,1487,c. AD 165,"Hanson 2016 area x density fit (44*ha^1.33, H&O-calibrated)"
Hanson2016_861,27615,c. AD 165,"Hanson 2016 area x density fit (44*ha^1.33, H&O-calibrated)"
Hanson2016_863,706,c. AD 165,"Hanson 2016 area x density fit (44*ha^1.33, H&O-calibrated)"
Hanson2016_865,3214,c. AD 165,"Hanson 2016 area x density fit (44*ha^1.33, H&O-calibrated)"
Hanson2016_869,2877,c. AD 165,"Hanson 2016 area x density fit (44*ha^1.33, H&O-calibrated)"
Hanson2016_870,4096,c. AD 165,"Hanson 2016 area x density fit (44*ha^1.33, H&O-calibrated)"
Hanson2016_875,11452,c. AD 165,"Hanson 2016 area x density fit (44*ha^1.33, H&O-calibrated)"
Hanson2016_876,1630,c. AD 165,"Hanson 2016 area x density fit (44*ha^1.33, H&O-calibrated)"
Hanson2016_880,1776,c. AD 165,"Hanson 2016 area x density fit (44*ha^1.33, H&O-calibrated)"
Hanson2016_881,1630,c. AD 165,"Hanson 2016 area x density fit (44*ha^1.33, H&O-calibrated)"
Hanson2016_883,378,c. AD 165,"Hanson 2016 area x density fit (44*ha^1.33, H&O-calibrated)"
Hanson2016_885,482,c. AD 165,"Hanson 2016 area x density fit (44*ha^1.33, H&O-calibrated)"
Hanson2016_886,150,c. AD 165,"Hanson 2016 area x density fit (44*ha^1.33, H&O-calibrated)"
Hanson2016_887,150,c. AD 165,"Hanson 2016 area x density fit (44*ha^1.33, H&O-calibrated)"
Hanson2016_889,482,c. AD 165,"Hanson 2016 area x density fit (44*ha^1.33, H&O-calibrated)"
Hanson2016_891,4838,c. AD 165,"Hanson 2016 area x density fit (44*ha^1.33, H&O-calibrated)"
Hanson2016_892,3214,c. AD 165,"Hanson 2016 area x density fit (44*ha^1.33, H&O-calibrated)"
Hanson2016_894,3386,c. AD 165,"Hanson 2016 area x density fit (44*ha^1.33, H&O-calibrated)"
Hanson2016_895,2077,c. AD 165,"Hanson 2016 area x density fit (44*ha^1.33, H&O-calibrated)"
Hanson2016_896,706,c. AD 165,"Hanson 2016 area x density fit (44*ha^1.33, H&O-calibrated)"
Hanson2016_897,1211,c. AD 165,"Hanson 2016 area x density fit (44*ha^1.33, H&O-calibrated)"
Hanson2016_898,1630,c. AD 165,"Hanson 2016 area x density fit (44*ha^1.33, H&O-calibrated)"
Hanson2016_899,5806,c. AD 165,"Hanson 2016 area x density fit (44*ha^1.33, H&O-calibrated)"
Hanson2016_900,2389,c. AD 165,"Hanson 2016 area x density fit (44*ha^1.33, H&O-calibrated)"
Hanson2016_901,1079,c. AD 165,"Hanson 2016 area x density fit (44*ha^1.33, H&O-calibrated)"
Hanson2016_905,6005,c. AD 165,"Hanson 2016 area x density fit (44*ha^1.33, H&O-calibrated)"
Hanson2016_906,5806,c. AD 165,"Hanson 2016 area x density fit (44*ha^1.33, H&O-calibrated)"
Hanson2016_909,1211,c. AD 165,"Hanson 2016 area x density fit (44*ha^1.33, H&O-calibrated)"
Hanson2016_915,1776,c. AD 165,"Hanson 2016 area x density fit (44*ha^1.33, H&O-calibrated)"
Hanson2016_916,1487,c. AD 165,"Hanson 2016 area x density fit (44*ha^1.33, H&O-calibrated)"
Hanson2016_921,5414,c. AD 165,"Hanson 2016 area x density fit (44*ha^1.33, H&O-calibrated)"
Hanson2016_922,950,c. AD 165,"Hanson 2016 area x density fit (44*ha^1.33, H&O-calibrated)"
Hanson2016_925,2389,c. AD 165,"Hanson 2016 area x density fit (44*ha^1.33, H&O-calibrated)"
Hanson2016_927,950,c. AD 165,"Hanson 2016 area x density fit (44*ha^1.33, H&O-calibrated)"
Hanson2016_928,4096,c. AD 165,"Hanson 2016 area x density fit (44*ha^1.33, H&O-calibrated)"
Hanson2016_931,5414,c. AD 165,"Hanson 2016 area x density fit (44*ha^1.33, H&O-calibrated)"
Hanson2016_932,1347,c. AD 165,"Hanson 2016 area x density fit (44*ha^1.33, H&O-calibrated)"
Hanson2016_935,706,c. AD 165,"Hanson 2016 area x density fit (44*ha^1.33, H&O-calibrated)"
Hanson2016_938,1079,c. AD 165,"Hanson 2016 area x density fit (44*ha^1.33, H&O-calibrated)"
Hanson2016_940,4279,c. AD 165,"Hanson 2016 area x density fit (44*ha^1.33, H&O-calibrated)"
Hanson2016_944,1630,c. AD 165,"Hanson 2016 area x density fit (44*ha^1.33, H&O-calibrated)"
Hanson2016_946,5028,c. AD 165,"Hanson 2016 area x density fit (44*ha^1.33, H&O-calibrated)"
Hanson2016_950,1487,c. AD 165,"Hanson 2016 area x density fit (44*ha^1.33, H&O-calibrated)"
Hanson2016_954,950,c. AD 165,"Hanson 2016 area x density fit (44*ha^1.33, H&O-calibrated)"
Hanson2016_957,281,c. AD 165,"Hanson 2016 area x density fit (44*ha^1.33, H&O-calibrated)"
Hanson2016_959,378,c. AD 165,"Hanson 2016 area x density fit (44*ha^1.33, H&O-calibrated)"
Hanson2016_962,9171,c. AD 165,"Hanson 2016 area x density fit (44*ha^1.33, H&O-calibrated)"
Hanson2016_963,150,c. AD 165,"Hanson 2016 area x density fit (44*ha^1.33, H&O-calibrated)"
Hanson2016_964,2077,c. AD 165,"Hanson 2016 area x density fit (44*ha^1.33, H&O-calibrated)"
Hanson2016_965,25880,c. AD 165,"Hanson 2016 area x density fit (44*ha^1.33, H&O-calibrated)"
Hanson2016_967,1211,c. AD 165,"Hanson 2016 area x density fit (44*ha^1.33, H&O-calibrated)"
Hanson2016_968,2077,c. AD 165,"Hanson 2016 area x density fit (44*ha^1.33, H&O-calibrated)"
Hanson2016_970,7023,c. AD 165,"Hanson 2016 area x density fit (44*ha^1.33, H&O-calibrated)"
Hanson2016_971,1487,c. AD 165,"Hanson 2016 area x density fit (44*ha^1.33, H&O-calibrated)"
Hanson2016_974,4279,c. AD 165,"Hanson 2016 area x density fit (44*ha^1.33, H&O-calibrated)"
Hanson2016_975,7023,c. AD 165,"Hanson 2016 area x density fit (44*ha^1.33, H&O-calibrated)"
Hanson2016_976,2712,c. AD 165,"Hanson 2016 area x density fit (44*ha^1.33, H&O-calibrated)"
Hanson2016_977,378,c. AD 165,"Hanson 2016 area x density fit (44*ha^1.33, H&O-calibrated)"
Hanson2016_979,3561,c. AD 165,"Hanson 2016 area x density fit (44*ha^1.33, H&O-calibrated)"
Hanson2016_980,1487,c. AD 165,"Hanson 2016 area x density fit (44*ha^1.33, H&O-calibrated)"
Hanson2016_981,706,c. AD 165,"Hanson 2016 area x density fit (44*ha^1.33, H&O-calibrated)"
Hanson2016_982,7653,c. AD 165,"Hanson 2016 area x density fit (44*ha^1.33, H&O-calibrated)"
Hanson2016_983,3214,c. AD 165,"Hanson 2016 area x density fit (44*ha^1.33, H&O-calibrated)"
Hanson2016_988,826,c. AD 165,"Hanson 2016 area x density fit (44*ha^1.33, H&O-calibrated)"
Hanson2016_991,378,c. AD 165,"Hanson 2016 area x density fit (44*ha^1.33, H&O-calibrated)"
Hanson2016_993,2389,c. AD 165,"Hanson 2016 area x density fit (44*ha^1.33, H&O-calibrated)"
Hanson2016_994,281,c. AD 165,"Hanson 2016 area x density fit (44*ha^1.33, H&O-calibrated)"
Hanson2016_995,3045,c. AD 165,"Hanson 2016 area x density fit (44*ha^1.33, H&O-calibrated)"
Hanson2016_996,950,c. AD 165,"Hanson 2016 area x density fit (44*ha^1.33, H&O-calibrated)"
Hanson2016_997,2077,c. AD 165,"Hanson 2016 area x density fit (44*ha^1.33, H&O-calibrated)"
Hanson2016_998,592,c. AD 165,"Hanson 2016 area x density fit (44*ha^1.33, H&O-calibrated)"
Hanson2016_999,27033,c. AD 165,"Hanson 2016 area x density fit (44*ha^1.33, H&O-calibrated)"
Hanson2016_1000,4096,c. AD 165,"Hanson 2016 area x density fit (44*ha^1.33, H&O-calibrated)"
Hanson2016_1001,706,c. AD 165,"Hanson 2016 area x density fit (44*ha^1.33, H&O-calibrated)"
Hanson2016_1002,3214,c. AD 165,"Hanson 2016 area x density fit (44*ha^1.33, H&O-calibrated)"
Hanson2016_1003,3214,c. AD 165,"Hanson 2016 area x density fit (44*ha^1.33, H&O-calibrated)"
Hanson2016_1005,4096,c. AD 165,"Hanson 2016 area x density fit (44*ha^1.33, H&O-calibrated)"
Hanson2016_1007,17393,c. AD 165,"Hanson 2016 area x density fit (44*ha^1.33, H&O-calibrated)"
Hanson2016_1009,5806,c. AD 165,"Hanson 2016 area x density fit (44*ha^1.33, H&O-calibrated)"
Hanson2016_1011,2549,c. AD 165,"Hanson 2016 area x density fit (44*ha^1.33, H&O-calibrated)"
Hanson2016_1012,2877,c. AD 165,"Hanson 2016 area x density fit (44*ha^1.33, H&O-calibrated)"
Hanson2016_1013,9617,c. AD 165,"Hanson 2016 area x density fit (44*ha^1.33, H&O-calibrated)"
Hanson2016_1015,482,c. AD 165,"Hanson 2016 area x density fit (44*ha^1.33, H&O-calibrated)"
Hanson2016_1017,5806,c. AD 165,"Hanson 2016 area x density fit (44*ha^1.33, H&O-calibrated)"
Hanson2016_1025,950,c. AD 165,"Hanson 2016 area x density fit (44*ha^1.33, H&O-calibrated)"
Hanson2016_1027,706,c. AD 165,"Hanson 2016 area x density fit (44*ha^1.33, H&O-calibrated)"
Hanson2016_1028,3045,c. AD 165,"Hanson 2016 area x density fit (44*ha^1.33, H&O-calibrated)"
Hanson2016_1029,3916,c. AD 165,"Hanson 2016 area x density fit (44*ha^1.33, H&O-calibrated)"
Hanson2016_1030,1776,c. AD 165,"Hanson 2016 area x density fit (44*ha^1.33, H&O-calibrated)"
Hanson2016_1031,1630,c. AD 165,"Hanson 2016 area x density fit (44*ha^1.33, H&O-calibrated)"
Hanson2016_1033,2389,c. AD 165,"Hanson 2016 area x density fit (44*ha^1.33, H&O-calibrated)"
Hanson2016_1037,2389,c. AD 165,"Hanson 2016 area x density fit (44*ha^1.33, H&O-calibrated)"
Hanson2016_1041,950,c. AD 165,"Hanson 2016 area x density fit (44*ha^1.33, H&O-calibrated)"
Hanson2016_1053,1211,c. AD 165,"Hanson 2016 area x density fit (44*ha^1.33, H&O-calibrated)"
Hanson2016_1055,706,c. AD 165,"Hanson 2016 area x density fit (44*ha^1.33, H&O-calibrated)"
Hanson2016_1056,706,c. AD 165,"Hanson 2016 area x density fit (44*ha^1.33, H&O-calibrated)"
Hanson2016_1057,5414,c. AD 165,"Hanson 2016 area x density fit (44*ha^1.33, H&O-calibrated)"
Hanson2016_1063,1079,c. AD 165,"Hanson 2016 area x density fit (44*ha^1.33, H&O-calibrated)"
Hanson2016_1069,12161,c. AD 165,"Hanson 2016 area x density fit (44*ha^1.33, H&O-calibrated)"
Hanson2016_1070,950,c. AD 165,"Hanson 2016 area x density fit (44*ha^1.33, H&O-calibrated)"
Hanson2016_1071,2389,c. AD 165,"Hanson 2016 area x density fit (44*ha^1.33, H&O-calibrated)"
Hanson2016_1075,5609,c. AD 165,"Hanson 2016 area x density fit (44*ha^1.33, H&O-calibrated)"
Hanson2016_1077,15346,c. AD 165,"Hanson 2016 area x density fit (44*ha^1.33, H&O-calibrated)"
Hanson2016_1080,1776,c. AD 165,"Hanson 2016 area x density fit (44*ha^1.33, H&O-calibrated)"
Hanson2016_1081,2877,c. AD 165,"Hanson 2016 area x density fit (44*ha^1.33, H&O-calibrated)"
Hanson2016_1082,1211,c. AD 165,"Hanson 2016 area x density fit (44*ha^1.33, H&O-calibrated)"
Hanson2016_1083,482,c. AD 165,"Hanson 2016 area x density fit (44*ha^1.33, H&O-calibrated)"
Hanson2016_1089,7653,c. AD 165,"Hanson 2016 area x density fit (44*ha^1.33, H&O-calibrated)"
Hanson2016_1090,4096,c. AD 165,"Hanson 2016 area x density fit (44*ha^1.33, H&O-calibrated)"
Hanson2016_1091,3561,c. AD 165,"Hanson 2016 area x density fit (44*ha^1.33, H&O-calibrated)"
Hanson2016_1092,950,c. AD 165,"Hanson 2016 area x density fit (44*ha^1.33, H&O-calibrated)"
Hanson2016_1093,7023,c. AD 165,"Hanson 2016 area x density fit (44*ha^1.33, H&O-calibrated)"
Hanson2016_1094,4096,c. AD 165,"Hanson 2016 area x density fit (44*ha^1.33, H&O-calibrated)"
Hanson2016_1095,150,c. AD 165,"Hanson 2016 area x density fit (44*ha^1.33, H&O-calibrated)"
Hanson2016_1097,482,c. AD 165,"Hanson 2016 area x density fit (44*ha^1.33, H&O-calibrated)"
Hanson2016_1100,1079,c. AD 165,"Hanson 2016 area x density fit (44*ha^1.33, H&O-calibrated)"
Hanson2016_1101,592,c. AD 165,"Hanson 2016 area x density fit (44*ha^1.33, H&O-calibrated)"
Hanson2016_1102,3045,c. AD 165,"Hanson 2016 area x density fit (44*ha^1.33, H&O-calibrated)"
Hanson2016_1107,1347,c. AD 165,"Hanson 2016 area x density fit (44*ha^1.33, H&O-calibrated)"
Hanson2016_1108,150,c. AD 165,"Hanson 2016 area x density fit (44*ha^1.33, H&O-calibrated)"
Hanson2016_1113,5609,c. AD 165,"Hanson 2016 area x density fit (44*ha^1.33, H&O-calibrated)"
Hanson2016_1114,378,c. AD 165,"Hanson 2016 area x density fit (44*ha^1.33, H&O-calibrated)"
Hanson2016_1117,1211,c. AD 165,"Hanson 2016 area x density fit (44*ha^1.33, H&O-calibrated)"
Hanson2016_1119,378,c. AD 165,"Hanson 2016 area x density fit (44*ha^1.33, H&O-calibrated)"
Hanson2016_1120,20579,c. AD 165,"Hanson 2016 area x density fit (44*ha^1.33, H&O-calibrated)"
Hanson2016_1122,1925,c. AD 165,"Hanson 2016 area x density fit (44*ha^1.33, H&O-calibrated)"
Hanson2016_1127,2877,c. AD 165,"Hanson 2016 area x density fit (44*ha^1.33, H&O-calibrated)"
Hanson2016_1128,10986,c. AD 165,"Hanson 2016 area x density fit (44*ha^1.33, H&O-calibrated)"
Hanson2016_1129,6005,c. AD 165,"Hanson 2016 area x density fit (44*ha^1.33, H&O-calibrated)"
Hanson2016_1130,706,c. AD 165,"Hanson 2016 area x density fit (44*ha^1.33, H&O-calibrated)"
Hanson2016_1131,2712,c. AD 165,"Hanson 2016 area x density fit (44*ha^1.33, H&O-calibrated)"
Hanson2016_1135,10069,c. AD 165,"Hanson 2016 area x density fit (44*ha^1.33, H&O-calibrated)"
Hanson2016_1136,5609,c. AD 165,"Hanson 2016 area x density fit (44*ha^1.33, H&O-calibrated)"
Hanson2016_1138,1347,c. AD 165,"Hanson 2016 area x density fit (44*ha^1.33, H&O-calibrated)"
Hanson2016_1139,281,c. AD 165,"Hanson 2016 area x density fit (44*ha^1.33, H&O-calibrated)"
Hanson2016_1140,10525,c. AD 165,"Hanson 2016 area x density fit (44*ha^1.33, H&O-calibrated)"
Hanson2016_1143,1776,c. AD 165,"Hanson 2016 area x density fit (44*ha^1.33, H&O-calibrated)"
Hanson2016_1145,3214,c. AD 165,"Hanson 2016 area x density fit (44*ha^1.33, H&O-calibrated)"
Hanson2016_1146,2389,c. AD 165,"Hanson 2016 area x density fit (44*ha^1.33, H&O-calibrated)"
Hanson2016_1147,67222,c. AD 165,"Hanson 2016 area x density fit (44*ha^1.33, H&O-calibrated)"
Hanson2016_1149,14594,c. AD 165,"Hanson 2016 area x density fit (44*ha^1.33, H&O-calibrated)"
Hanson2016_1150,3737,c. AD 165,"Hanson 2016 area x density fit (44*ha^1.33, H&O-calibrated)"
Hanson2016_1152,5028,c. AD 165,"Hanson 2016 area x density fit (44*ha^1.33, H&O-calibrated)"
Hanson2016_1154,38572,c. AD 165,"Hanson 2016 area x density fit (44*ha^1.33, H&O-calibrated)"
Hanson2016_1155,592,c. AD 165,"Hanson 2016 area x density fit (44*ha^1.33, H&O-calibrated)"
Hanson2016_1156,1079,c. AD 165,"Hanson 2016 area x density fit (44*ha^1.33, H&O-calibrated)"
Hanson2016_1157,1347,c. AD 165,"Hanson 2016 area x density fit (44*ha^1.33, H&O-calibrated)"
Hanson2016_1158,20308,c. AD 165,"Hanson 2016 area x density fit (44*ha^1.33, H&O-calibrated)"
Hanson2016_1159,8295,c. AD 165,"Hanson 2016 area x density fit (44*ha^1.33, H&O-calibrated)"
Hanson2016_1160,2389,c. AD 165,"Hanson 2016 area x density fit (44*ha^1.33, H&O-calibrated)"
Hanson2016_1161,4096,c. AD 165,"Hanson 2016 area x density fit (44*ha^1.33, H&O-calibrated)"
Hanson2016_1163,9842,c. AD 165,"Hanson 2016 area x density fit (44*ha^1.33, H&O-calibrated)"
Hanson2016_1167,2389,c. AD 165,"Hanson 2016 area x density fit (44*ha^1.33, H&O-calibrated)"
Hanson2016_1169,11452,c. AD 165,"Hanson 2016 area x density fit (44*ha^1.33, H&O-calibrated)"
Hanson2016_1170,1347,c. AD 165,"Hanson 2016 area x density fit (44*ha^1.33, H&O-calibrated)"
Hanson2016_1171,826,c. AD 165,"Hanson 2016 area x density fit (44*ha^1.33, H&O-calibrated)"
Hanson2016_1173,3916,c. AD 165,"Hanson 2016 area x density fit (44*ha^1.33, H&O-calibrated)"
Hanson2016_1177,950,c. AD 165,"Hanson 2016 area x density fit (44*ha^1.33, H&O-calibrated)"
Hanson2016_1184,1211,c. AD 165,"Hanson 2016 area x density fit (44*ha^1.33, H&O-calibrated)"
Hanson2016_1186,2389,c. AD 165,"Hanson 2016 area x density fit (44*ha^1.33, H&O-calibrated)"
Hanson2016_1189,9171,c. AD 165,"Hanson 2016 area x density fit (44*ha^1.33, H&O-calibrated)"
Hanson2016_1193,9617,c. AD 165,"Hanson 2016 area x density fit (44*ha^1.33, H&O-calibrated)"
Hanson2016_1194,5806,c. AD 165,"Hanson 2016 area x density fit (44*ha^1.33, H&O-calibrated)"
Hanson2016_1198,2232,c. AD 165,"Hanson 2016 area x density fit (44*ha^1.33, H&O-calibrated)"
Hanson2016_1201,1776,c. AD 165,"Hanson 2016 area x density fit (44*ha^1.33, H&O-calibrated)"
Hanson2016_1202,2232,c. AD 165,"Hanson 2016 area x density fit (44*ha^1.33, H&O-calibrated)"
Hanson2016_1205,826,c. AD 165,"Hanson 2016 area x density fit (44*ha^1.33, H&O-calibrated)"
Hanson2016_1207,1776,c. AD 165,"Hanson 2016 area x density fit (44*ha^1.33, H&O-calibrated)"
Hanson2016_1210,3561,c. AD 165,"Hanson 2016 area x density fit (44*ha^1.33, H&O-calibrated)"
Hanson2016_1211,150,c. AD 165,"Hanson 2016 area x density fit (44*ha^1.33, H&O-calibrated)"
Hanson2016_1212,5806,c. AD 165,"Hanson 2016 area x density fit (44*ha^1.33, H&O-calibrated)"
Hanson2016_1213,4463,c. AD 165,"Hanson 2016 area x density fit (44*ha^1.33, H&O-calibrated)"
Hanson2016_1216,950,c. AD 165,"Hanson 2016 area x density fit (44*ha^1.33, H&O-calibrated)"
Hanson2016_1217,4096,c. AD 165,"Hanson 2016 area x density fit (44*ha^1.33, H&O-calibrated)"
Hanson2016_1218,10069,c. AD 165,"Hanson 2016 area x density fit (44*ha^1.33, H&O-calibrated)"
Hanson2016_1219,10755,c. AD 165,"Hanson 2016 area x density fit (44*ha^1.33, H&O-calibrated)"
Hanson2016_1223,378,c. AD 165,"Hanson 2016 area x density fit (44*ha^1.33, H&O-calibrated)"
Hanson2016_1224,3737,c. AD 165,"Hanson 2016 area x density fit (44*ha^1.33, H&O-calibrated)"
Hanson2016_1225,3737,c. AD 165,"Hanson 2016 area x density fit (44*ha^1.33, H&O-calibrated)"
Hanson2016_1226,4838,c. AD 165,"Hanson 2016 area x density fit (44*ha^1.33, H&O-calibrated)"
Hanson2016_1227,9617,c. AD 165,"Hanson 2016 area x density fit (44*ha^1.33, H&O-calibrated)"
Hanson2016_1228,2232,c. AD 165,"Hanson 2016 area x density fit (44*ha^1.33, H&O-calibrated)"
Hanson2016_1231,1925,c. AD 165,"Hanson 2016 area x density fit (44*ha^1.33, H&O-calibrated)"
Hanson2016_1234,15851,c. AD 165,"Hanson 2016 area x density fit (44*ha^1.33, H&O-calibrated)"
Hanson2016_1236,706,c. AD 165,"Hanson 2016 area x density fit (44*ha^1.33, H&O-calibrated)"
Hanson2016_1237,7441,c. AD 165,"Hanson 2016 area x density fit (44*ha^1.33, H&O-calibrated)"
Hanson2016_1241,6206,c. AD 165,"Hanson 2016 area x density fit (44*ha^1.33, H&O-calibrated)"
Hanson2016_1242,2712,c. AD 165,"Hanson 2016 area x density fit (44*ha^1.33, H&O-calibrated)"
Hanson2016_1246,10296,c. AD 165,"Hanson 2016 area x density fit (44*ha^1.33, H&O-calibrated)"
Hanson2016_1247,13364,c. AD 165,"Hanson 2016 area x density fit (44*ha^1.33, H&O-calibrated)"
Hanson2016_1248,2549,c. AD 165,"Hanson 2016 area x density fit (44*ha^1.33, H&O-calibrated)"
Hanson2016_1250,2389,c. AD 165,"Hanson 2016 area x density fit (44*ha^1.33, H&O-calibrated)"
Hanson2016_1252,150,c. AD 165,"Hanson 2016 area x density fit (44*ha^1.33, H&O-calibrated)"
Hanson2016_1255,6005,c. AD 165,"Hanson 2016 area x density fit (44*ha^1.33, H&O-calibrated)"
Hanson2016_1260,706,c. AD 165,"Hanson 2016 area x density fit (44*ha^1.33, H&O-calibrated)"
Hanson2016_1261,4096,c. AD 165,"Hanson 2016 area x density fit (44*ha^1.33, H&O-calibrated)"
Hanson2016_1262,7441,c. AD 165,"Hanson 2016 area x density fit (44*ha^1.33, H&O-calibrated)"
Hanson2016_1264,2077,c. AD 165,"Hanson 2016 area x density fit (44*ha^1.33, H&O-calibrated)"
Hanson2016_1265,378,c. AD 165,"Hanson 2016 area x density fit (44*ha^1.33, H&O-calibrated)"
Hanson2016_1268,2077,c. AD 165,"Hanson 2016 area x density fit (44*ha^1.33, H&O-calibrated)"
Hanson2016_1269,8295,c. AD 165,"Hanson 2016 area x density fit (44*ha^1.33, H&O-calibrated)"
Hanson2016_1271,378,c. AD 165,"Hanson 2016 area x density fit (44*ha^1.33, H&O-calibrated)"
Hanson2016_1272,7653,c. AD 165,"Hanson 2016 area x density fit (44*ha^1.33, H&O-calibrated)"
Hanson2016_1273,14594,c. AD 165,"Hanson 2016 area x density fit (44*ha^1.33, H&O-calibrated)"
Hanson2016_1274,6005,c. AD 165,"Hanson 2016 area x density fit (44*ha^1.33, H&O-calibrated)"
Hanson2016_1277,8080,c. AD 165,"Hanson 2016 area x density fit (44*ha^1.33, H&O-calibrated)"
Hanson2016_1278,10296,c. AD 165,"Hanson 2016 area x density fit (44*ha^1.33, H&O-calibrated)"
Hanson2016_1281,192,c. AD 165,"Hanson 2016 area x density fit (44*ha^1.33, H&O-calibrated)"
Hanson2016_1282,7232,c. AD 165,"Hanson 2016 area x density fit (44*ha^1.33, H&O-calibrated)"
Hanson2016_1283,2877,c. AD 165,"Hanson 2016 area x density fit (44*ha^1.33, H&O-calibrated)"
Hanson2016_1285,2077,c. AD 165,"Hanson 2016 area x density fit (44*ha^1.33, H&O-calibrated)"
Hanson2016_1291,826,c. AD 165,"Hanson 2016 area x density fit (44*ha^1.33, H&O-calibrated)"
Hanson2016_1292,5609,c. AD 165,"Hanson 2016 area x density fit (44*ha^1.33, H&O-calibrated)"
Hanson2016_1293,10296,c. AD 165,"Hanson 2016 area x density fit (44*ha^1.33, H&O-calibrated)"
Hanson2016_1294,54812,c. AD 165,"Hanson 2016 area x density fit (44*ha^1.33, H&O-calibrated)"
Hanson2016_1297,27324,c. AD 165,"Hanson 2016 area x density fit (44*ha^1.33, H&O-calibrated)"
Hanson2016_1300,2077,c. AD 165,"Hanson 2016 area x density fit (44*ha^1.33, H&O-calibrated)"
Hanson2016_1303,1925,c. AD 165,"Hanson 2016 area x density fit (44*ha^1.33, H&O-calibrated)"
Hanson2016_1305,950,c. AD 165,"Hanson 2016 area x density fit (44*ha^1.33, H&O-calibrated)"
Hanson2016_1306,1776,c. AD 165,"Hanson 2016 area x density fit (44*ha^1.33, H&O-calibrated)"
Hanson2016_1307,15598,c. AD 165,"Hanson 2016 area x density fit (44*ha^1.33, H&O-calibrated)"
Hanson2016_1308,6005,c. AD 165,"Hanson 2016 area x density fit (44*ha^1.33, H&O-calibrated)"
Hanson2016_1309,16361,c. AD 165,"Hanson 2016 area x density fit (44*ha^1.33, H&O-calibrated)"
Hanson2016_1310,2232,c. AD 165,"Hanson 2016 area x density fit (44*ha^1.33, H&O-calibrated)"
Hanson2016_1313,3214,c. AD 165,"Hanson 2016 area x density fit (44*ha^1.33, H&O-calibrated)"
Hanson2016_1314,2077,c. AD 165,"Hanson 2016 area x density fit (44*ha^1.33, H&O-calibrated)"
Hanson2016_1318,4650,c. AD 165,"Hanson 2016 area x density fit (44*ha^1.33, H&O-calibrated)"
Hanson2016_1319,1630,c. AD 165,"Hanson 2016 area x density fit (44*ha^1.33, H&O-calibrated)"
Hanson2016_1321,11452,c. AD 165,"Hanson 2016 area x density fit (44*ha^1.33, H&O-calibrated)"
Hanson2016_1322,4096,c. AD 165,"Hanson 2016 area x density fit (44*ha^1.33, H&O-calibrated)"
Hanson2016_1323,20308,c. AD 165,"Hanson 2016 area x density fit (44*ha^1.33, H&O-calibrated)"
Hanson2016_1324,127879,c. AD 165,"Hanson 2016 area x density fit (44*ha^1.33, H&O-calibrated)"
Hanson2016_1326,11923,c. AD 165,"Hanson 2016 area x density fit (44*ha^1.33, H&O-calibrated)"
Hanson2016_1330,30866,c. AD 165,"Hanson 2016 area x density fit (44*ha^1.33, H&O-calibrated)"
Hanson2016_1333,13121,c. AD 165,"Hanson 2016 area x density fit (44*ha^1.33, H&O-calibrated)"
Hanson2016_1334,29081,c. AD 165,"Hanson 2016 area x density fit (44*ha^1.33, H&O-calibrated)"
Hanson2016_1337,14346,c. AD 165,"Hanson 2016 area x density fit (44*ha^1.33, H&O-calibrated)"
Hanson2016_1338,57943,c. AD 165,"Hanson 2016 area x density fit (44*ha^1.33, H&O-calibrated)"
Hanson2016_1343,32372,c. AD 165,"Hanson 2016 area x density fit (44*ha^1.33, H&O-calibrated)"
Hanson2016_1347,13853,c. AD 165,"Hanson 2016 area x density fit (44*ha^1.33, H&O-calibrated)"
Hanson2016_1348,34511,c. AD 165,"Hanson 2016 area x density fit (44*ha^1.33, H&O-calibrated)"
Hanson2016_1349,46350,c. AD 165,"Hanson 2016 area x density fit (44*ha^1.33, H&O-calibrated)"
Hanson2016_1350,17653,c. AD 165,"Hanson 2016 area x density fit (44*ha^1.33, H&O-calibrated)"
Hanson2016_1351,826,c. AD 165,"Hanson 2016 area x density fit (44*ha^1.33, H&O-calibrated)"
Hanson2016_1352,706,c. AD 165,"Hanson 2016 area x density fit (44*ha^1.33, H&O-calibrated)"
Hanson2016_1353,8512,c. AD 165,"Hanson 2016 area x density fit (44*ha^1.33, H&O-calibrated)"
Hanson2016_1354,6005,c. AD 165,"Hanson 2016 area x density fit (44*ha^1.33, H&O-calibrated)"
Hanson2016_1355,25023,c. AD 165,"Hanson 2016 area x density fit (44*ha^1.33, H&O-calibrated)"
Hanson2016_1356,706,c. AD 165,"Hanson 2016 area x density fit (44*ha^1.33, H&O-calibrated)"
Hanson2016_1357,4096,c. AD 165,"Hanson 2016 area x density fit (44*ha^1.33, H&O-calibrated)"
Hanson2016_1358,6005,c. AD 165,"Hanson 2016 area x density fit (44*ha^1.33, H&O-calibrated)"
Hanson2016_1359,5028,c. AD 165,"Hanson 2016 area x density fit (44*ha^1.33, H&O-calibrated)"
Hanson2016_1360,950,c. AD 165,"Hanson 2016 area x density fit (44*ha^1.33, H&O-calibrated)"
Hanson2016_1361,1630,c. AD 165,"Hanson 2016 area x density fit (44*ha^1.33, H&O-calibrated)"
Hanson2016_1362,23892,c. AD 165,"Hanson 2016 area x density fit (44*ha^1.33, H&O-calibrated)"
Hanson2016_1363,950,c. AD 165,"Hanson 2016 area x density fit (44*ha^1.33, H&O-calibrated)"
Hanson2016_1365,14099,c. AD 165,"Hanson 2016 area x density fit (44*ha^1.33, H&O-calibrated)"
Hanson2016_1366,32070,c. AD 165,"Hanson 2016 area x density fit (44*ha^1.33, H&O-calibrated)"
Hanson2016_1367,10296,c. AD 165,"Hanson 2016 area x density fit (44*ha^1.33, H&O-calibrated)"
Hanson2016_1368,6005,c. AD 165,"Hanson 2016 area x density fit (44*ha^1.33, H&O-calibrated)"
Hanson2016_1369,3386,c. AD 165,"Hanson 2016 area x density fit (44*ha^1.33, H&O-calibrated)"
Hanson2016_1371,4279,c. AD 165,"Hanson 2016 area x density fit (44*ha^1.33, H&O-calibrated)"
Hanson2016_1378,4096,c. AD 165,"Hanson 2016 area x density fit (44*ha^1.33, H&O-calibrated)"
Hanson2016_1380,6206,c. AD 165,"Hanson 2016 area x density fit (44*ha^1.33, H&O-calibrated)"
Hanson2016_1382,51726,c. AD 165,"Hanson 2016 area x density fit (44*ha^1.33, H&O-calibrated)"
Hanson2016_1383,2712,c. AD 165,"Hanson 2016 area x density fit (44*ha^1.33, H&O-calibrated)"
Hanson2016_1385,14594,c. AD 165,"Hanson 2016 area x density fit (44*ha^1.33, H&O-calibrated)"
Hanson2016_1386,3386,c. AD 165,"Hanson 2016 area x density fit (44*ha^1.33, H&O-calibrated)"
Hanson2016_1387,16106,c. AD 165,"Hanson 2016 area x density fit (44*ha^1.33, H&O-calibrated)"
Hanson2016_1388,378,c. AD 165,"Hanson 2016 area x density fit (44*ha^1.33, H&O-calibrated)"
Hanson2016_420,100000,AD 200,Modelski (Reba et al. 2016)
Hanson2016_759,36000,AD -100,Modelski (Reba et al. 2016)
