primary_key,founder
Hanson2016_1,
Hanson2016_10,
Hanson2016_100,
Hanson2016_1000,
Hanson2016_1001,
Hanson2016_1002,
Hanson2016_1003,
Hanson2016_1004,
Hanson2016_1005,
Hanson2016_1006,
Hanson2016_1007,
Hanson2016_1008,
Hanson2016_1009,
Hanson2016_101,
Hanson2016_1010,
Hanson2016_1011,
Hanson2016_1012,
Hanson2016_1013,
Hanson2016_1014,
Hanson2016_1015,
Hanson2016_1016,
Hanson2016_1017,
Hanson2016_1018,
Hanson2016_1019,
Hanson2016_102,
Hanson2016_1020,
Hanson2016_1021,
Hanson2016_1022,
Hanson2016_1023,
Hanson2016_1024,
Hanson2016_1025,
Hanson2016_1026,
Hanson2016_1027,
Hanson2016_1028,
Hanson2016_1029,
Hanson2016_103,
Hanson2016_1030,
Hanson2016_1031,
Hanson2016_1032,
Hanson2016_1033,
Hanson2016_1034,
Hanson2016_1035,
Hanson2016_1036,
Hanson2016_1037,
Hanson2016_1038,
Hanson2016_1039,
Hanson2016_104,
Hanson2016_1040,
Hanson2016_1041,
Hanson2016_1042,
Hanson2016_1043,
Hanson2016_1044,
Hanson2016_1045,
Hanson2016_1046,
Hanson2016_1047,
Hanson2016_1048,
Hanson2016_1049,
Hanson2016_105,
Hanson2016_1050,
Hanson2016_1051,
Hanson2016_1052,
Hanson2016_1053,
Hanson2016_1054,
Hanson2016_1055,
Hanson2016_1056,
Hanson2016_1057,
Hanson2016_1058,
Hanson2016_1059,
Hanson2016_106,
Hanson2016_1060,
Hanson2016_1061,
Hanson2016_1062,
Hanson2016_1063,
Hanson2016_1064,
Hanson2016_1065,
Hanson2016_1066,
Hanson2016_1067,
Hanson2016_1068,
Hanson2016_1069,
Hanson2016_107,
Hanson2016_1070,
Hanson2016_1071,
Hanson2016_1072,
Hanson2016_1073,
Hanson2016_1074,
Hanson2016_1075,
Hanson2016_1076,
Hanson2016_1077,
Hanson2016_1078,
Hanson2016_1079,
Hanson2016_108,
Hanson2016_1080,
Hanson2016_1081,
Hanson2016_1082,
Hanson2016_1083,
Hanson2016_1084,
Hanson2016_1085,
Hanson2016_1086,
Hanson2016_1087,
Hanson2016_1088,
Hanson2016_1089,
Hanson2016_109,
Hanson2016_1090,
Hanson2016_1091,
Hanson2016_1092,
Hanson2016_1093,
Hanson2016_1094,
Hanson2016_1095,
Hanson2016_1096,
Hanson2016_1097,
Hanson2016_1098,
Hanson2016_1099,
Hanson2016_11,
Hanson2016_110,
Hanson2016_1100,
Hanson2016_1101,
Hanson2016_1102,
Hanson2016_1103,
Hanson2016_1104,
Hanson2016_1105,
Hanson2016_1106,
Hanson2016_1107,
Hanson2016_1108,
Hanson2016_1109,
Hanson2016_111,
Hanson2016_1110,
Hanson2016_1111,
Hanson2016_1112,
Hanson2016_1113,
Hanson2016_1114,
Hanson2016_1115,
Hanson2016_1116,
Hanson2016_1117,
Hanson2016_1118,
Hanson2016_1119,
Hanson2016_112,
Hanson2016_1120,
Hanson2016_1121,
Hanson2016_1122,
Hanson2016_1123,
Hanson2016_1124,
Hanson2016_1125,
Hanson2016_1126,
Hanson2016_1127,
Hanson2016_1128,
Hanson2016_1129,
Hanson2016_113,
Hanson2016_1130,
Hanson2016_1131,
Hanson2016_1132,
Hanson2016_1133,
Hanson2016_1134,Seleucus I Nicator
Hanson2016_1135,
Hanson2016_1136,
Hanson2016_1137,
Hanson2016_1138,
Hanson2016_1139,
Hanson2016_114,
Hanson2016_1140,
Hanson2016_1141,
Hanson2016_1142,
Hanson2016_1143,
Hanson2016_1144,
Hanson2016_1145,
Hanson2016_1146,
Hanson2016_1147,
Hanson2016_1148,
Hanson2016_1149,
Hanson2016_115,
Hanson2016_1150,
Hanson2016_1151,
Hanson2016_1152,
Hanson2016_1153,
Hanson2016_1154,
Hanson2016_1155,Philip II of Macedon
Hanson2016_1156,
Hanson2016_1157,
Hanson2016_1158,
Hanson2016_1159,Philip II of Macedon
Hanson2016_116,
Hanson2016_1160,
Hanson2016_1161,
Hanson2016_1162,
Hanson2016_1163,
Hanson2016_1164,
Hanson2016_1165,
Hanson2016_1166,
Hanson2016_1167,
Hanson2016_1168,
Hanson2016_1169,
Hanson2016_117,
Hanson2016_1170,
Hanson2016_1171,
Hanson2016_1172,
Hanson2016_1173,
Hanson2016_1174,
Hanson2016_1175,
Hanson2016_1176,
Hanson2016_1177,
Hanson2016_1178,
Hanson2016_1179,
Hanson2016_118,
Hanson2016_1180,
Hanson2016_1181,
Hanson2016_1182,
Hanson2016_1183,
Hanson2016_1184,
Hanson2016_1185,
Hanson2016_1186,
Hanson2016_1187,
Hanson2016_1188,
Hanson2016_1189,
Hanson2016_119,
Hanson2016_1190,
Hanson2016_1191,
Hanson2016_1192,
Hanson2016_1193,
Hanson2016_1194,
Hanson2016_1195,
Hanson2016_1196,
Hanson2016_1197,
Hanson2016_1198,
Hanson2016_1199,
Hanson2016_12,
Hanson2016_120,
Hanson2016_1200,
Hanson2016_1201,
Hanson2016_1202,
Hanson2016_1203,
Hanson2016_1204,
Hanson2016_1205,
Hanson2016_1206,
Hanson2016_1207,
Hanson2016_1208,
Hanson2016_1209,
Hanson2016_121,
Hanson2016_1210,
Hanson2016_1211,
Hanson2016_1212,
Hanson2016_1213,
Hanson2016_1214,
Hanson2016_1215,
Hanson2016_1216,
Hanson2016_1217,
Hanson2016_1218,
Hanson2016_1219,
Hanson2016_122,
Hanson2016_1220,
Hanson2016_1221,
Hanson2016_1222,
Hanson2016_1223,
Hanson2016_1224,
Hanson2016_1225,
Hanson2016_1226,
Hanson2016_1227,
Hanson2016_1228,
Hanson2016_1229,
Hanson2016_123,
Hanson2016_1230,
Hanson2016_1231,
Hanson2016_1232,
Hanson2016_1233,
Hanson2016_1234,
Hanson2016_1235,
Hanson2016_1236,
Hanson2016_1237,
Hanson2016_1238,
Hanson2016_1239,
Hanson2016_124,
Hanson2016_1240,
Hanson2016_1241,
Hanson2016_1242,
Hanson2016_1243,
Hanson2016_1244,
Hanson2016_1245,
Hanson2016_1246,
Hanson2016_1247,
Hanson2016_1248,
Hanson2016_1249,
Hanson2016_125,
Hanson2016_1250,
Hanson2016_1251,
Hanson2016_1252,
Hanson2016_1253,
Hanson2016_1254,
Hanson2016_1255,
Hanson2016_1256,
Hanson2016_1257,
Hanson2016_1258,
Hanson2016_1259,
Hanson2016_126,
Hanson2016_1260,
Hanson2016_1261,
Hanson2016_1262,
Hanson2016_1263,
Hanson2016_1264,
Hanson2016_1265,
Hanson2016_1266,
Hanson2016_1267,
Hanson2016_1268,
Hanson2016_1269,
Hanson2016_127,
Hanson2016_1270,
Hanson2016_1271,
Hanson2016_1272,
Hanson2016_1273,
Hanson2016_1274,
Hanson2016_1275,
Hanson2016_1276,
Hanson2016_1277,
Hanson2016_1278,
Hanson2016_1279,
Hanson2016_128,
Hanson2016_1280,
Hanson2016_1281,
Hanson2016_1282,
Hanson2016_1283,
Hanson2016_1284,
Hanson2016_1285,
Hanson2016_1286,
Hanson2016_1287,
Hanson2016_1288,
Hanson2016_1289,
Hanson2016_129,
Hanson2016_1290,
Hanson2016_1291,
Hanson2016_1292,
Hanson2016_1293,
Hanson2016_1294,
Hanson2016_1295,
Hanson2016_1296,
Hanson2016_1297,
Hanson2016_1298,
Hanson2016_1299,
Hanson2016_13,
Hanson2016_130,
Hanson2016_1300,
Hanson2016_1301,
Hanson2016_1302,
Hanson2016_1303,
Hanson2016_1304,
Hanson2016_1305,
Hanson2016_1306,
Hanson2016_1307,
Hanson2016_1308,
Hanson2016_1309,
Hanson2016_131,
Hanson2016_1310,
Hanson2016_1311,
Hanson2016_1312,
Hanson2016_1313,
Hanson2016_1314,
Hanson2016_1315,
Hanson2016_1316,
Hanson2016_1317,
Hanson2016_1318,
Hanson2016_1319,
Hanson2016_132,
Hanson2016_1320,
Hanson2016_1321,
Hanson2016_1322,
Hanson2016_1323,
Hanson2016_1324,Seleucus I Nicator
Hanson2016_1325,
Hanson2016_1326,
Hanson2016_1327,
Hanson2016_1328,
Hanson2016_1329,
Hanson2016_133,
Hanson2016_1330,
Hanson2016_1331,
Hanson2016_1332,
Hanson2016_1333,
Hanson2016_1334,
Hanson2016_1335,
Hanson2016_1336,
Hanson2016_1337,
Hanson2016_1338,
Hanson2016_1339,
Hanson2016_134,
Hanson2016_1340,
Hanson2016_1341,
Hanson2016_1342,
Hanson2016_1343,
Hanson2016_1344,Seleucus I Nicator
Hanson2016_1345,
Hanson2016_1346,
Hanson2016_1347,
Hanson2016_1348,
Hanson2016_1349,
Hanson2016_135,
Hanson2016_1350,
Hanson2016_1351,
Hanson2016_1352,
Hanson2016_1353,
Hanson2016_1354,
Hanson2016_1355,
Hanson2016_1356,
Hanson2016_1357,
Hanson2016_1358,
Hanson2016_1359,
Hanson2016_136,
Hanson2016_1360,
Hanson2016_1361,
Hanson2016_1362,
Hanson2016_1363,
Hanson2016_1364,
Hanson2016_1365,
Hanson2016_1366,
Hanson2016_1367,
Hanson2016_1368,
Hanson2016_1369,
Hanson2016_137,
Hanson2016_1370,
Hanson2016_1371,
Hanson2016_1372,
Hanson2016_1373,
Hanson2016_1374,
Hanson2016_1375,Dorians
Hanson2016_1376,
Hanson2016_1377,
Hanson2016_1378,
Hanson2016_1379,
Hanson2016_138,
Hanson2016_1380,
Hanson2016_1381,
Hanson2016_1382,
Hanson2016_1383,
Hanson2016_1384,
Hanson2016_1385,
Hanson2016_1386,
Hanson2016_1387,
Hanson2016_1388,
Hanson2016_139,
Hanson2016_14,
Hanson2016_140,
Hanson2016_141,
Hanson2016_142,
Hanson2016_143,
Hanson2016_144,
Hanson2016_145,
Hanson2016_146,
Hanson2016_147,
Hanson2016_148,
Hanson2016_149,
Hanson2016_15,
Hanson2016_150,
Hanson2016_151,
Hanson2016_152,
Hanson2016_153,
Hanson2016_154,
Hanson2016_155,
Hanson2016_156,
Hanson2016_157,
Hanson2016_158,
Hanson2016_159,
Hanson2016_16,
Hanson2016_160,
Hanson2016_161,
Hanson2016_162,
Hanson2016_163,
Hanson2016_164,
Hanson2016_165,
Hanson2016_166,
Hanson2016_167,
Hanson2016_168,
Hanson2016_169,
Hanson2016_17,
Hanson2016_170,
Hanson2016_171,
Hanson2016_172,
Hanson2016_173,
Hanson2016_174,
Hanson2016_175,
Hanson2016_176,
Hanson2016_177,
Hanson2016_178,
Hanson2016_179,
Hanson2016_18,
Hanson2016_180,
Hanson2016_181,
Hanson2016_182,
Hanson2016_183,
Hanson2016_184,
Hanson2016_185,
Hanson2016_186,
Hanson2016_187,
Hanson2016_188,
Hanson2016_189,
Hanson2016_19,
Hanson2016_190,
Hanson2016_191,
Hanson2016_192,
Hanson2016_193,
Hanson2016_194,
Hanson2016_195,
Hanson2016_196,
Hanson2016_197,
Hanson2016_198,
Hanson2016_199,
Hanson2016_2,
Hanson2016_20,
Hanson2016_200,
Hanson2016_201,
Hanson2016_202,
Hanson2016_203,
Hanson2016_204,
Hanson2016_205,
Hanson2016_206,
Hanson2016_207,
Hanson2016_208,
Hanson2016_209,
Hanson2016_21,
Hanson2016_210,
Hanson2016_211,
Hanson2016_212,
Hanson2016_213,
Hanson2016_214,
Hanson2016_215,
Hanson2016_216,
Hanson2016_217,
Hanson2016_218,
Hanson2016_219,
Hanson2016_22,
Hanson2016_220,
Hanson2016_221,
Hanson2016_222,
Hanson2016_223,
Hanson2016_224,
Hanson2016_225,
Hanson2016_226,
Hanson2016_227,
Hanson2016_228,
Hanson2016_229,
Hanson2016_23,
Hanson2016_230,
Hanson2016_231,
Hanson2016_232,
Hanson2016_233,
Hanson2016_234,
Hanson2016_235,
Hanson2016_236,
Hanson2016_237,
Hanson2016_238,
Hanson2016_239,
Hanson2016_24,
Hanson2016_240,
Hanson2016_241,
Hanson2016_242,
Hanson2016_243,
Hanson2016_244,
Hanson2016_245,
Hanson2016_246,
Hanson2016_247,
Hanson2016_248,
Hanson2016_249,
Hanson2016_25,
Hanson2016_250,
Hanson2016_251,
Hanson2016_252,
Hanson2016_253,
Hanson2016_254,
Hanson2016_255,
Hanson2016_256,
Hanson2016_257,
Hanson2016_258,
Hanson2016_259,
Hanson2016_26,
Hanson2016_260,
Hanson2016_261,
Hanson2016_262,
Hanson2016_263,
Hanson2016_264,
Hanson2016_265,
Hanson2016_266,
Hanson2016_267,
Hanson2016_268,
Hanson2016_269,
Hanson2016_27,
Hanson2016_270,
Hanson2016_271,
Hanson2016_272,
Hanson2016_273,
Hanson2016_274,
Hanson2016_275,
Hanson2016_276,Androclus
Hanson2016_277,
Hanson2016_278,
Hanson2016_279,
Hanson2016_28,
Hanson2016_280,
Hanson2016_281,
Hanson2016_282,
Hanson2016_283,
Hanson2016_284,
Hanson2016_285,
Hanson2016_286,
Hanson2016_287,
Hanson2016_288,
Hanson2016_289,
Hanson2016_29,
Hanson2016_290,
Hanson2016_291,
Hanson2016_292,
Hanson2016_293,
Hanson2016_294,
Hanson2016_295,
Hanson2016_296,
Hanson2016_297,
Hanson2016_298,
Hanson2016_299,
Hanson2016_3,
Hanson2016_30,Demetrius I of Macedon
Hanson2016_300,
Hanson2016_301,
Hanson2016_302,
Hanson2016_303,
Hanson2016_304,
Hanson2016_305,
Hanson2016_306,
Hanson2016_307,
Hanson2016_308,Damon of Athens
Hanson2016_309,
Hanson2016_31,
Hanson2016_310,
Hanson2016_311,
Hanson2016_312,
Hanson2016_313,
Hanson2016_314,
Hanson2016_315,Smyrna
Hanson2016_316,
Hanson2016_317,
Hanson2016_318,
Hanson2016_319,
Hanson2016_32,
Hanson2016_320,
Hanson2016_321,
Hanson2016_322,
Hanson2016_323,
Hanson2016_324,
Hanson2016_325,
Hanson2016_326,
Hanson2016_327,
Hanson2016_328,
Hanson2016_329,
Hanson2016_33,
Hanson2016_330,
Hanson2016_331,
Hanson2016_332,
Hanson2016_333,
Hanson2016_334,
Hanson2016_335,
Hanson2016_336,
Hanson2016_337,
Hanson2016_338,
Hanson2016_339,
Hanson2016_34,
Hanson2016_340,
Hanson2016_341,
Hanson2016_342,
Hanson2016_343,
Hanson2016_344,
Hanson2016_345,
Hanson2016_346,
Hanson2016_347,
Hanson2016_348,
Hanson2016_349,
Hanson2016_35,
Hanson2016_350,
Hanson2016_351,
Hanson2016_352,
Hanson2016_353,
Hanson2016_354,
Hanson2016_355,
Hanson2016_356,
Hanson2016_357,
Hanson2016_358,
Hanson2016_359,
Hanson2016_36,
Hanson2016_360,
Hanson2016_361,
Hanson2016_362,
Hanson2016_363,
Hanson2016_364,
Hanson2016_365,
Hanson2016_366,
Hanson2016_367,
Hanson2016_368,
Hanson2016_369,
Hanson2016_37,
Hanson2016_370,
Hanson2016_371,
Hanson2016_372,
Hanson2016_373,
Hanson2016_374,
Hanson2016_375,
Hanson2016_376,
Hanson2016_377,
Hanson2016_378,
Hanson2016_379,
Hanson2016_38,
Hanson2016_380,
Hanson2016_381,
Hanson2016_382,
Hanson2016_383,
Hanson2016_384,
Hanson2016_385,
Hanson2016_386,
Hanson2016_387,
Hanson2016_388,
Hanson2016_389,
Hanson2016_39,
Hanson2016_390,
Hanson2016_391,
Hanson2016_392,
Hanson2016_393,
Hanson2016_394,
Hanson2016_395,
Hanson2016_396,
Hanson2016_397,
Hanson2016_398,
Hanson2016_399,
Hanson2016_4,
Hanson2016_40,
Hanson2016_400,
Hanson2016_401,
Hanson2016_402,
Hanson2016_403,
Hanson2016_404,
Hanson2016_405,
Hanson2016_406,
Hanson2016_407,
Hanson2016_408,
Hanson2016_409,
Hanson2016_41,
Hanson2016_410,
Hanson2016_411,
Hanson2016_412,
Hanson2016_413,Herod Archelaus
Hanson2016_414,
Hanson2016_415,
Hanson2016_416,
Hanson2016_417,
Hanson2016_418,
Hanson2016_419,
Hanson2016_42,
Hanson2016_420,
Hanson2016_421,
Hanson2016_422,
Hanson2016_423,
Hanson2016_424,
Hanson2016_425,
Hanson2016_426,
Hanson2016_427,
Hanson2016_428,
Hanson2016_429,
Hanson2016_43,
Hanson2016_430,
Hanson2016_431,
Hanson2016_432,
Hanson2016_433,
Hanson2016_434,
Hanson2016_435,
Hanson2016_436,
Hanson2016_437,
Hanson2016_438,
Hanson2016_439,
Hanson2016_44,
Hanson2016_440,
Hanson2016_441,
Hanson2016_442,
Hanson2016_443,
Hanson2016_444,
Hanson2016_445,
Hanson2016_446,
Hanson2016_447,
Hanson2016_448,
Hanson2016_449,
Hanson2016_45,
Hanson2016_450,
Hanson2016_451,
Hanson2016_452,
Hanson2016_453,
Hanson2016_454,
Hanson2016_455,
Hanson2016_456,
Hanson2016_457,
Hanson2016_458,
Hanson2016_459,Seleucus I Nicator
Hanson2016_46,
Hanson2016_460,Megara Hyblaea
Hanson2016_461,
Hanson2016_462,
Hanson2016_463,
Hanson2016_464,
Hanson2016_465,
Hanson2016_466,
Hanson2016_467,
Hanson2016_468,
Hanson2016_469,
Hanson2016_47,
Hanson2016_470,
Hanson2016_471,
Hanson2016_472,
Hanson2016_473,
Hanson2016_474,
Hanson2016_475,
Hanson2016_476,
Hanson2016_477,
Hanson2016_478,
Hanson2016_479,
Hanson2016_48,
Hanson2016_480,
Hanson2016_481,
Hanson2016_482,
Hanson2016_483,
Hanson2016_484,
Hanson2016_485,
Hanson2016_486,
Hanson2016_487,
Hanson2016_488,
Hanson2016_489,
Hanson2016_49,
Hanson2016_490,
Hanson2016_491,
Hanson2016_492,
Hanson2016_493,
Hanson2016_494,
Hanson2016_495,
Hanson2016_496,
Hanson2016_497,
Hanson2016_498,
Hanson2016_499,
Hanson2016_5,
Hanson2016_50,
Hanson2016_500,
Hanson2016_501,
Hanson2016_502,
Hanson2016_503,
Hanson2016_504,
Hanson2016_505,
Hanson2016_506,
Hanson2016_507,
Hanson2016_508,
Hanson2016_509,
Hanson2016_51,
Hanson2016_510,
Hanson2016_511,
Hanson2016_512,
Hanson2016_513,
Hanson2016_514,
Hanson2016_515,
Hanson2016_516,
Hanson2016_517,
Hanson2016_518,
Hanson2016_519,
Hanson2016_52,
Hanson2016_520,
Hanson2016_521,
Hanson2016_522,
Hanson2016_523,
Hanson2016_524,
Hanson2016_525,
Hanson2016_526,
Hanson2016_527,
Hanson2016_528,
Hanson2016_529,
Hanson2016_53,
Hanson2016_530,
Hanson2016_531,
Hanson2016_532,
Hanson2016_533,
Hanson2016_534,
Hanson2016_535,
Hanson2016_536,
Hanson2016_537,
Hanson2016_538,
Hanson2016_539,
Hanson2016_54,
Hanson2016_540,
Hanson2016_541,
Hanson2016_542,
Hanson2016_543,
Hanson2016_544,
Hanson2016_545,
Hanson2016_546,
Hanson2016_547,
Hanson2016_548,
Hanson2016_549,
Hanson2016_55,
Hanson2016_550,
Hanson2016_551,
Hanson2016_552,
Hanson2016_553,
Hanson2016_554,
Hanson2016_555,
Hanson2016_556,
Hanson2016_557,
Hanson2016_558,
Hanson2016_559,
Hanson2016_56,
Hanson2016_560,
Hanson2016_561,
Hanson2016_562,
Hanson2016_563,
Hanson2016_564,
Hanson2016_565,
Hanson2016_566,
Hanson2016_567,
Hanson2016_568,
Hanson2016_569,
Hanson2016_57,
Hanson2016_570,
Hanson2016_571,
Hanson2016_572,
Hanson2016_573,
Hanson2016_574,
Hanson2016_575,
Hanson2016_576,
Hanson2016_577,
Hanson2016_578,
Hanson2016_579,
Hanson2016_58,
Hanson2016_580,
Hanson2016_581,
Hanson2016_582,
Hanson2016_583,
Hanson2016_584,
Hanson2016_585,
Hanson2016_586,
Hanson2016_587,
Hanson2016_588,
Hanson2016_589,
Hanson2016_59,
Hanson2016_590,
Hanson2016_591,
Hanson2016_592,
Hanson2016_593,
Hanson2016_594,
Hanson2016_595,
Hanson2016_596,
Hanson2016_597,
Hanson2016_598,
Hanson2016_599,
Hanson2016_6,
Hanson2016_60,
Hanson2016_600,
Hanson2016_601,
Hanson2016_602,
Hanson2016_603,
Hanson2016_604,
Hanson2016_605,
Hanson2016_606,
Hanson2016_607,
Hanson2016_608,
Hanson2016_609,
Hanson2016_61,
Hanson2016_610,
Hanson2016_611,
Hanson2016_612,
Hanson2016_613,
Hanson2016_614,
Hanson2016_615,
Hanson2016_616,
Hanson2016_617,
Hanson2016_618,
Hanson2016_619,
Hanson2016_62,
Hanson2016_620,
Hanson2016_621,
Hanson2016_622,
Hanson2016_623,
Hanson2016_624,
Hanson2016_625,
Hanson2016_626,
Hanson2016_627,
Hanson2016_628,
Hanson2016_629,
Hanson2016_63,
Hanson2016_630,
Hanson2016_631,
Hanson2016_632,
Hanson2016_633,
Hanson2016_634,
Hanson2016_635,
Hanson2016_636,
Hanson2016_637,
Hanson2016_638,
Hanson2016_639,
Hanson2016_64,
Hanson2016_640,
Hanson2016_641,
Hanson2016_642,
Hanson2016_643,
Hanson2016_644,
Hanson2016_645,
Hanson2016_646,
Hanson2016_647,
Hanson2016_648,
Hanson2016_649,
Hanson2016_65,
Hanson2016_650,
Hanson2016_651,
Hanson2016_652,
Hanson2016_653,
Hanson2016_654,
Hanson2016_655,
Hanson2016_656,
Hanson2016_657,
Hanson2016_658,
Hanson2016_659,
Hanson2016_66,
Hanson2016_660,
Hanson2016_661,
Hanson2016_662,
Hanson2016_663,Trajan
Hanson2016_664,
Hanson2016_665,
Hanson2016_666,
Hanson2016_667,
Hanson2016_668,
Hanson2016_669,
Hanson2016_67,
Hanson2016_670,
Hanson2016_671,
Hanson2016_672,
Hanson2016_673,
Hanson2016_674,
Hanson2016_675,
Hanson2016_676,
Hanson2016_677,
Hanson2016_678,
Hanson2016_679,
Hanson2016_68,
Hanson2016_680,
Hanson2016_681,
Hanson2016_682,
Hanson2016_683,
Hanson2016_684,
Hanson2016_685,
Hanson2016_686,
Hanson2016_687,
Hanson2016_688,
Hanson2016_689,
Hanson2016_69,
Hanson2016_690,
Hanson2016_691,
Hanson2016_692,
Hanson2016_693,Hasdrubal the Fair
Hanson2016_694,
Hanson2016_695,
Hanson2016_696,
Hanson2016_697,
Hanson2016_698,
Hanson2016_699,
Hanson2016_7,
Hanson2016_70,
Hanson2016_700,
Hanson2016_701,
Hanson2016_702,
Hanson2016_703,
Hanson2016_704,
Hanson2016_705,
Hanson2016_706,
Hanson2016_707,
Hanson2016_708,
Hanson2016_709,
Hanson2016_71,
Hanson2016_710,
Hanson2016_711,
Hanson2016_712,
Hanson2016_713,
Hanson2016_714,
Hanson2016_715,
Hanson2016_716,
Hanson2016_717,
Hanson2016_718,
Hanson2016_719,
Hanson2016_72,
Hanson2016_720,
Hanson2016_721,
Hanson2016_722,
Hanson2016_723,
Hanson2016_724,
Hanson2016_725,
Hanson2016_726,
Hanson2016_727,
Hanson2016_728,
Hanson2016_729,
Hanson2016_73,
Hanson2016_730,
Hanson2016_731,
Hanson2016_732,
Hanson2016_733,
Hanson2016_734,
Hanson2016_735,
Hanson2016_736,
Hanson2016_737,
Hanson2016_738,
Hanson2016_739,
Hanson2016_74,
Hanson2016_740,
Hanson2016_741,
Hanson2016_742,
Hanson2016_743,
Hanson2016_744,
Hanson2016_745,
Hanson2016_746,
Hanson2016_747,
Hanson2016_748,
Hanson2016_749,
Hanson2016_75,
Hanson2016_750,
Hanson2016_751,
Hanson2016_752,
Hanson2016_753,
Hanson2016_754,
Hanson2016_755,
Hanson2016_756,
Hanson2016_757,
Hanson2016_758,
Hanson2016_759,
Hanson2016_76,
Hanson2016_760,
Hanson2016_761,
Hanson2016_762,
Hanson2016_763,
Hanson2016_764,
Hanson2016_765,
Hanson2016_766,
Hanson2016_767,
Hanson2016_768,
Hanson2016_769,
Hanson2016_77,
Hanson2016_770,
Hanson2016_771,
Hanson2016_772,
Hanson2016_773,
Hanson2016_774,
Hanson2016_775,
Hanson2016_776,
Hanson2016_777,
Hanson2016_778,
Hanson2016_779,
Hanson2016_78,Pellen
Hanson2016_780,
Hanson2016_781,
Hanson2016_782,
Hanson2016_783,
Hanson2016_784,
Hanson2016_785,
Hanson2016_786,
Hanson2016_787,
Hanson2016_788,
Hanson2016_789,
Hanson2016_79,
Hanson2016_790,
Hanson2016_791,
Hanson2016_792,
Hanson2016_793,
Hanson2016_794,
Hanson2016_795,
Hanson2016_796,
Hanson2016_797,
Hanson2016_798,
Hanson2016_799,
Hanson2016_8,
Hanson2016_80,
Hanson2016_800,
Hanson2016_801,
Hanson2016_802,
Hanson2016_803,
Hanson2016_804,
Hanson2016_805,
Hanson2016_806,
Hanson2016_807,
Hanson2016_808,
Hanson2016_809,
Hanson2016_81,
Hanson2016_810,
Hanson2016_811,
Hanson2016_812,
Hanson2016_813,
Hanson2016_814,
Hanson2016_815,
Hanson2016_816,
Hanson2016_817,
Hanson2016_818,
Hanson2016_819,
Hanson2016_82,
Hanson2016_820,
Hanson2016_821,
Hanson2016_822,
Hanson2016_823,
Hanson2016_824,
Hanson2016_825,
Hanson2016_826,
Hanson2016_827,
Hanson2016_828,
Hanson2016_829,
Hanson2016_83,
Hanson2016_830,
Hanson2016_831,
Hanson2016_832,
Hanson2016_833,
Hanson2016_834,
Hanson2016_835,
Hanson2016_836,
Hanson2016_837,
Hanson2016_838,
Hanson2016_839,
Hanson2016_84,
Hanson2016_840,
Hanson2016_841,
Hanson2016_842,
Hanson2016_843,
Hanson2016_844,
Hanson2016_845,
Hanson2016_846,
Hanson2016_847,
Hanson2016_848,
Hanson2016_849,
Hanson2016_85,
Hanson2016_850,
Hanson2016_851,
Hanson2016_852,
Hanson2016_853,
Hanson2016_854,
Hanson2016_855,
Hanson2016_856,
Hanson2016_857,
Hanson2016_858,
Hanson2016_859,
Hanson2016_86,
Hanson2016_860,
Hanson2016_861,
Hanson2016_862,
Hanson2016_863,
Hanson2016_864,
Hanson2016_865,
Hanson2016_866,
Hanson2016_867,
Hanson2016_868,
Hanson2016_869,
Hanson2016_87,
Hanson2016_870,
Hanson2016_871,
Hanson2016_872,
Hanson2016_873,
Hanson2016_874,
Hanson2016_875,
Hanson2016_876,
Hanson2016_877,
Hanson2016_878,
Hanson2016_879,
Hanson2016_88,
Hanson2016_880,
Hanson2016_881,
Hanson2016_882,
Hanson2016_883,
Hanson2016_884,
Hanson2016_885,
Hanson2016_886,
Hanson2016_887,
Hanson2016_888,
Hanson2016_889,
Hanson2016_89,
Hanson2016_890,
Hanson2016_891,
Hanson2016_892,
Hanson2016_893,
Hanson2016_894,
Hanson2016_895,
Hanson2016_896,
Hanson2016_897,
Hanson2016_898,
Hanson2016_899,
Hanson2016_9,
Hanson2016_90,
Hanson2016_900,
Hanson2016_901,
Hanson2016_902,
Hanson2016_903,
Hanson2016_904,
Hanson2016_905,
Hanson2016_906,
Hanson2016_907,
Hanson2016_908,
Hanson2016_909,
Hanson2016_91,
Hanson2016_910,
Hanson2016_911,
Hanson2016_912,
Hanson2016_913,
Hanson2016_914,
Hanson2016_915,
Hanson2016_916,
Hanson2016_917,
Hanson2016_918,
Hanson2016_919,
Hanson2016_92,
Hanson2016_920,
Hanson2016_921,
Hanson2016_922,
Hanson2016_923,
Hanson2016_924,
Hanson2016_925,
Hanson2016_926,
Hanson2016_927,
Hanson2016_928,
Hanson2016_929,
Hanson2016_93,
Hanson2016_930,
Hanson2016_931,
Hanson2016_932,
Hanson2016_933,
Hanson2016_934,
Hanson2016_935,
Hanson2016_936,
Hanson2016_937,
Hanson2016_938,
Hanson2016_939,
Hanson2016_94,
Hanson2016_940,
Hanson2016_941,
Hanson2016_942,
Hanson2016_943,
Hanson2016_944,
Hanson2016_945,
Hanson2016_946,
Hanson2016_947,
Hanson2016_948,
Hanson2016_949,
Hanson2016_95,
Hanson2016_950,
Hanson2016_951,
Hanson2016_952,
Hanson2016_953,
Hanson2016_954,
Hanson2016_955,
Hanson2016_956,
Hanson2016_957,
Hanson2016_958,
Hanson2016_959,
Hanson2016_96,
Hanson2016_960,
Hanson2016_961,
Hanson2016_962,
Hanson2016_963,
Hanson2016_964,
Hanson2016_965,
Hanson2016_966,
Hanson2016_967,
Hanson2016_968,
Hanson2016_969,
Hanson2016_97,
Hanson2016_970,
Hanson2016_971,
Hanson2016_972,
Hanson2016_973,
Hanson2016_974,
Hanson2016_975,
Hanson2016_976,
Hanson2016_977,
Hanson2016_978,
Hanson2016_979,
Hanson2016_98,
Hanson2016_980,
Hanson2016_981,
Hanson2016_982,
Hanson2016_983,
Hanson2016_984,
Hanson2016_985,
Hanson2016_986,
Hanson2016_987,
Hanson2016_988,
Hanson2016_989,
Hanson2016_99,
Hanson2016_990,
Hanson2016_991,
Hanson2016_992,Romulus and Remus
Hanson2016_993,
Hanson2016_994,Senius and Aschius
Hanson2016_995,
Hanson2016_996,
Hanson2016_997,
Hanson2016_998,
Hanson2016_999,
