primary_key,url
Hanson2016_1,https://en.wikipedia.org/wiki/Abae
Hanson2016_2,https://en.wikipedia.org/wiki/Acharnae
Hanson2016_3,https://en.wikipedia.org/wiki/Acraephia
Hanson2016_4,https://en.wikipedia.org/wiki/Aegina
Hanson2016_5,https://en.wikipedia.org/wiki/Aigeira
Hanson2016_6,https://en.wikipedia.org/wiki/Aegium
Hanson2016_7,https://en.wikipedia.org/wiki/Ambracia
Hanson2016_8,https://en.wikipedia.org/wiki/Amfissa
Hanson2016_9,https://en.wikipedia.org/wiki/Special:Search?search=Anthedon%20ancient%20Roman%20city
Hanson2016_10,https://en.wikipedia.org/wiki/Antikyra
Hanson2016_11,https://en.wikipedia.org/wiki/Gjirokast%C3%ABr
Hanson2016_12,https://en.wikipedia.org/wiki/Special:Search?search=Argos%20ancient%20Roman%20city
Hanson2016_13,https://en.wikipedia.org/wiki/Special:Search?search=Argos%20ancient%20Roman%20city
Hanson2016_14,https://en.wikipedia.org/wiki/Athens
Hanson2016_15,https://en.wikipedia.org/wiki/Atrax
Hanson2016_16,https://en.wikipedia.org/wiki/Butrint
Hanson2016_17,https://en.wikipedia.org/wiki/Calydon
Hanson2016_18,https://en.wikipedia.org/wiki/Carthaea
Hanson2016_19,https://en.wikipedia.org/wiki/Cassope
Hanson2016_20,https://en.wikipedia.org/wiki/Chaeronea
Hanson2016_21,https://en.wikipedia.org/wiki/Chalcis
Hanson2016_22,https://en.wikipedia.org/wiki/Cierium
Hanson2016_23,https://en.wikipedia.org/wiki/Cirrha
Hanson2016_24,https://en.wikipedia.org/wiki/Cleitor
Hanson2016_25,https://en.wikipedia.org/wiki/Corfu
Hanson2016_26,https://en.wikipedia.org/wiki/Corinthia
Hanson2016_27,https://en.wikipedia.org/wiki/Coroneia_%28Boeotia%29
Hanson2016_28,https://en.wikipedia.org/wiki/Delos
Hanson2016_29,https://en.wikipedia.org/wiki/Delphi
Hanson2016_30,https://en.wikipedia.org/wiki/Demetrias
Hanson2016_31,https://en.wikipedia.org/wiki/Dodona
Hanson2016_32,https://en.wikipedia.org/wiki/Dyme
Hanson2016_33,https://en.wikipedia.org/wiki/Elateia
Hanson2016_34,https://en.wikipedia.org/wiki/Elefsina
Hanson2016_35,https://en.wikipedia.org/wiki/Elis
Hanson2016_36,https://en.wikipedia.org/wiki/Epidaurus
Hanson2016_37,https://en.wikipedia.org/wiki/Eretria
Hanson2016_38,https://en.wikipedia.org/wiki/Euonymeia
Hanson2016_39,https://en.wikipedia.org/wiki/Gonnus
Hanson2016_40,https://en.wikipedia.org/wiki/Gytheio
Hanson2016_41,https://en.wikipedia.org/wiki/Special:Search?search=Hadrianopolis%20ancient%20Roman%20city
Hanson2016_42,https://en.wikipedia.org/wiki/Halae
Hanson2016_43,https://en.wikipedia.org/wiki/Mount_Othrys
Hanson2016_44,https://en.wikipedia.org/wiki/Hephaestia
Hanson2016_45,https://en.wikipedia.org/wiki/Special:Search?search=Heraclea%20ancient%20Roman%20city
Hanson2016_46,https://en.wikipedia.org/wiki/Hyampolis
Hanson2016_47,https://en.wikipedia.org/wiki/Ioulis
Hanson2016_48,https://en.wikipedia.org/wiki/Special:Search?search=Larisa%20ancient%20Roman%20city
Hanson2016_49,https://en.wikipedia.org/wiki/Livadeia
Hanson2016_50,https://en.wikipedia.org/wiki/Leucas
Hanson2016_51,https://en.wikipedia.org/wiki/Lilaea
Hanson2016_52,https://en.wikipedia.org/wiki/Lusi_%28Arcadia%29
Hanson2016_53,https://en.wikipedia.org/wiki/Lycosura
Hanson2016_54,https://en.wikipedia.org/wiki/Macynia
Hanson2016_55,https://en.wikipedia.org/wiki/Mantinea
Hanson2016_56,https://en.wikipedia.org/wiki/Megalopolis
Hanson2016_57,https://en.wikipedia.org/wiki/Megara
Hanson2016_58,https://en.wikipedia.org/wiki/Milos
Hanson2016_59,https://en.wikipedia.org/wiki/Messene
Hanson2016_60,https://en.wikipedia.org/wiki/Special:Search?search=Methone%20ancient%20Roman%20city
Hanson2016_61,https://en.wikipedia.org/wiki/Narycus
Hanson2016_62,https://en.wikipedia.org/wiki/Naxos
Hanson2016_63,https://en.wikipedia.org/wiki/Special:Search?search=Nea%20Pleuron%20ancient%20Roman%20city
Hanson2016_64,https://en.wikipedia.org/wiki/Neon
Hanson2016_65,https://en.wikipedia.org/wiki/Nicopolis
Hanson2016_66,https://en.wikipedia.org/wiki/Oeniadae
Hanson2016_67,https://en.wikipedia.org/wiki/Sarand%C3%AB
Hanson2016_68,https://en.wikipedia.org/wiki/Special:Search?search=Orchomenus%20Arcadicus%20ancient%20Roman%20city
Hanson2016_69,https://en.wikipedia.org/wiki/Special:Search?search=Orchomenus%20Minyeaus%20ancient%20Roman%20city
Hanson2016_70,https://en.wikipedia.org/wiki/Oricum
Hanson2016_71,https://en.wikipedia.org/wiki/Oropus
Hanson2016_72,https://en.wikipedia.org/wiki/Paeania
Hanson2016_73,https://en.wikipedia.org/wiki/Pallantium
Hanson2016_74,https://en.wikipedia.org/wiki/Paros
Hanson2016_75,https://en.wikipedia.org/wiki/Passaron
Hanson2016_76,https://en.wikipedia.org/wiki/Patras
Hanson2016_77,https://en.wikipedia.org/wiki/Pelinna
Hanson2016_78,https://en.wikipedia.org/wiki/Pellene
Hanson2016_79,https://en.wikipedia.org/wiki/Special:Search?search=Peparethum%20ancient%20Roman%20city
Hanson2016_80,https://en.wikipedia.org/wiki/Phalanna
Hanson2016_81,https://en.wikipedia.org/wiki/Farsala
Hanson2016_82,https://en.wikipedia.org/wiki/Pheneus
Hanson2016_83,https://en.wikipedia.org/wiki/Pherae
Hanson2016_84,https://en.wikipedia.org/wiki/Phigalia
Hanson2016_85,https://en.wikipedia.org/wiki/Phlius
Hanson2016_86,https://en.wikipedia.org/wiki/Phoenice
Hanson2016_87,https://en.wikipedia.org/wiki/Piraeus
Hanson2016_88,https://en.wikipedia.org/wiki/Plataea
Hanson2016_89,https://en.wikipedia.org/wiki/Proerna
Hanson2016_90,https://en.wikipedia.org/wiki/Rhamnous
Hanson2016_91,https://en.wikipedia.org/wiki/Scotussa
Hanson2016_92,https://en.wikipedia.org/wiki/Sicyon
Hanson2016_93,https://en.wikipedia.org/wiki/Sparta
Hanson2016_94,https://en.wikipedia.org/wiki/Special:Search?search=Stratus%20ancient%20Roman%20city
Hanson2016_95,https://en.wikipedia.org/wiki/Stymphalus_%28Arcadia%29
Hanson2016_96,https://en.wikipedia.org/wiki/Tanagra
Hanson2016_97,https://en.wikipedia.org/wiki/Tegea
Hanson2016_98,https://en.wikipedia.org/wiki/Teuthrone
Hanson2016_99,https://en.wikipedia.org/wiki/Thaumacia
Hanson2016_100,https://en.wikipedia.org/wiki/Special:Search?search=Thebae%20ancient%20Roman%20city
Hanson2016_101,https://en.wikipedia.org/wiki/Phthiotic_Thebes
Hanson2016_102,https://en.wikipedia.org/wiki/Santorini
Hanson2016_103,https://en.wikipedia.org/wiki/Thespiae
Hanson2016_104,https://en.wikipedia.org/wiki/Pyramus_and_Thisbe
Hanson2016_105,https://en.wikipedia.org/wiki/Thorikos
Hanson2016_106,https://en.wikipedia.org/wiki/Thyrium
Hanson2016_107,https://en.wikipedia.org/wiki/Torybeia
Hanson2016_108,https://en.wikipedia.org/wiki/Troezen
Hanson2016_109,https://en.wikipedia.org/wiki/Zakynthos
Hanson2016_110,https://en.wikipedia.org/wiki/Alexandria
Hanson2016_111,https://en.wikipedia.org/wiki/Qaw_el-Kebir
Hanson2016_112,https://en.wikipedia.org/wiki/Antino%C3%B6polis
Hanson2016_113,https://en.wikipedia.org/wiki/Aphroditopolis
Hanson2016_114,https://en.wikipedia.org/wiki/Edfu
Hanson2016_115,https://en.wikipedia.org/wiki/Kom_Isfaht
Hanson2016_116,https://en.wikipedia.org/wiki/Special:Search?search=Arsinoe%20ancient%20Roman%20city
Hanson2016_117,https://en.wikipedia.org/wiki/Athribis
Hanson2016_118,https://en.wikipedia.org/wiki/Bubastis
Hanson2016_119,https://en.wikipedia.org/wiki/Special:Search?search=Busiris%20ancient%20Roman%20city
Hanson2016_120,https://en.wikipedia.org/wiki/Qift
Hanson2016_121,https://en.wikipedia.org/wiki/Cusae
Hanson2016_122,https://en.wikipedia.org/wiki/Cynopolis
Hanson2016_123,https://en.wikipedia.org/wiki/Tell_el-Balamun
Hanson2016_124,https://en.wikipedia.org/wiki/Thebes%2C_Egypt
Hanson2016_125,https://en.wikipedia.org/wiki/Hu%2C_Egypt
Hanson2016_126,https://en.wikipedia.org/wiki/Elephantine
Hanson2016_127,https://en.wikipedia.org/wiki/Special:Search?search=Heliopolis%20ancient%20Roman%20city
Hanson2016_128,https://en.wikipedia.org/wiki/Heracleopolis_Magna
Hanson2016_129,https://en.wikipedia.org/wiki/Heracleopolis_Parva
Hanson2016_130,https://en.wikipedia.org/wiki/Armant%2C_Egypt
Hanson2016_131,https://en.wikipedia.org/wiki/Hermopolis
Hanson2016_132,https://en.wikipedia.org/wiki/Special:Search?search=Hermopolis%20Parva%20ancient%20Roman%20city
Hanson2016_133,https://en.wikipedia.org/wiki/Special:Search?search=Heroonpolis%20ancient%20Roman%20city
Hanson2016_134,https://en.wikipedia.org/wiki/Hypselis
Hanson2016_135,https://en.wikipedia.org/wiki/Esna
Hanson2016_136,https://en.wikipedia.org/wiki/Leontopolis
Hanson2016_137,https://en.wikipedia.org/wiki/Letopolis
Hanson2016_138,https://en.wikipedia.org/wiki/Asyut
Hanson2016_139,https://en.wikipedia.org/wiki/Special:Search?search=Memphis%20ancient%20Roman%20city
Hanson2016_140,https://en.wikipedia.org/wiki/Mendes
Hanson2016_141,https://en.wikipedia.org/wiki/Metelis_%28Kom_el-Ahmer%29
Hanson2016_142,https://en.wikipedia.org/wiki/Delas
Hanson2016_143,https://en.wikipedia.org/wiki/Kom_Ombo
Hanson2016_144,https://en.wikipedia.org/wiki/Oxyrhynchus
Hanson2016_145,https://en.wikipedia.org/wiki/Akhmim
Hanson2016_146,https://en.wikipedia.org/wiki/Pelusium
Hanson2016_147,https://en.wikipedia.org/wiki/Phacus
Hanson2016_148,https://en.wikipedia.org/wiki/Special:Search?search=Ptolemais%20ancient%20Roman%20city
Hanson2016_149,https://en.wikipedia.org/wiki/Special:Search?search=Sais%20ancient%20Roman%20city
Hanson2016_150,https://en.wikipedia.org/wiki/Samannud
Hanson2016_151,https://en.wikipedia.org/wiki/Tanis
Hanson2016_152,https://en.wikipedia.org/wiki/Tebtunis
Hanson2016_153,https://en.wikipedia.org/wiki/Dendera
Hanson2016_154,https://en.wikipedia.org/wiki/Thinis
Hanson2016_155,https://en.wikipedia.org/wiki/Thmuis
Hanson2016_156,https://en.wikipedia.org/wiki/Sakha%2C_Egypt
Hanson2016_157,https://en.wikipedia.org/wiki/Abbir_Maius
Hanson2016_158,https://en.wikipedia.org/wiki/Abitinae
Hanson2016_159,https://en.wikipedia.org/wiki/Special:Search?search=Abthungi%20ancient%20Roman%20city
Hanson2016_160,https://en.wikipedia.org/wiki/Acholla
Hanson2016_161,https://en.wikipedia.org/wiki/Agbia
Hanson2016_162,https://en.wikipedia.org/wiki/Aggar_%28city%29
Hanson2016_163,https://en.wikipedia.org/wiki/Apisa_Maius
Hanson2016_164,https://en.wikipedia.org/wiki/Special:Search?search=Aunobari%20ancient%20Roman%20city
Hanson2016_165,https://en.wikipedia.org/wiki/Special:Search?search=Avedda%20ancient%20Roman%20city
Hanson2016_166,https://en.wikipedia.org/wiki/Avitta
Hanson2016_167,https://en.wikipedia.org/wiki/Rougga
Hanson2016_168,https://en.wikipedia.org/wiki/Special:Search?search=Belalis%20ancient%20Roman%20city
Hanson2016_169,https://en.wikipedia.org/wiki/Bijga
Hanson2016_170,https://en.wikipedia.org/wiki/Gafsa
Hanson2016_171,https://en.wikipedia.org/wiki/Special:Search?search=Carpis%20ancient%20Roman%20city
Hanson2016_172,https://en.wikipedia.org/wiki/Roman_Carthage
Hanson2016_173,https://en.wikipedia.org/wiki/Special:Search?search=Chidibbia%20ancient%20Roman%20city
Hanson2016_174,https://en.wikipedia.org/wiki/Kasserine
Hanson2016_175,https://en.wikipedia.org/wiki/Clupea
Hanson2016_176,https://en.wikipedia.org/wiki/Curubis
Hanson2016_177,https://en.wikipedia.org/wiki/Gigthis
Hanson2016_178,https://en.wikipedia.org/wiki/Hadrumetum
Hanson2016_179,https://en.wikipedia.org/wiki/Bizerte
Hanson2016_180,https://en.wikipedia.org/wiki/Leptis_Magna
Hanson2016_181,https://en.wikipedia.org/wiki/Lemta
Hanson2016_182,https://en.wikipedia.org/wiki/Limisa
Hanson2016_183,https://en.wikipedia.org/wiki/Macomades
Hanson2016_184,https://en.wikipedia.org/wiki/Maktar
Hanson2016_185,https://en.wikipedia.org/wiki/Special:Search?search=Maraci%20ancient%20Roman%20city
Hanson2016_186,https://en.wikipedia.org/wiki/Hypopyra
Hanson2016_187,https://en.wikipedia.org/wiki/Meninges
Hanson2016_188,https://en.wikipedia.org/wiki/Sidi_Daoud%2C_Tunisia
Hanson2016_189,https://en.wikipedia.org/wiki/Nabeul
Hanson2016_190,https://en.wikipedia.org/wiki/Henchir-M%C3%A2tria
Hanson2016_191,https://en.wikipedia.org/wiki/Oea
Hanson2016_192,https://en.wikipedia.org/wiki/Special:Search?search=Pheradi%20Maius%20ancient%20Roman%20city
Hanson2016_193,https://en.wikipedia.org/wiki/Pupput
Hanson2016_194,https://en.wikipedia.org/wiki/Sabratha
Hanson2016_195,https://en.wikipedia.org/wiki/Segermes
Hanson2016_196,https://en.wikipedia.org/wiki/Special:Search?search=Seressi%20ancient%20Roman%20city
Hanson2016_197,https://en.wikipedia.org/wiki/Sufes
Hanson2016_198,https://en.wikipedia.org/wiki/Sbeitla
Hanson2016_199,https://en.wikipedia.org/wiki/Gab%C3%A8s
Hanson2016_200,https://en.wikipedia.org/wiki/Thenae
Hanson2016_201,https://en.wikipedia.org/wiki/Thapsus
Hanson2016_202,https://en.wikipedia.org/wiki/Thelepte
Hanson2016_203,https://en.wikipedia.org/wiki/Thibiuca
Hanson2016_204,https://en.wikipedia.org/wiki/Special:Search?search=Thigibba%20ancient%20Roman%20city
Hanson2016_205,https://en.wikipedia.org/wiki/Thignica
Hanson2016_206,https://en.wikipedia.org/wiki/Special:Search?search=Thisica%20ancient%20Roman%20city
Hanson2016_207,https://en.wikipedia.org/wiki/Thuburbo_Majus
Hanson2016_208,https://en.wikipedia.org/wiki/Tebourba
Hanson2016_209,https://en.wikipedia.org/wiki/T%C3%A9boursouk
Hanson2016_210,https://en.wikipedia.org/wiki/Dougga
Hanson2016_211,https://en.wikipedia.org/wiki/Thysdrus
Hanson2016_212,https://en.wikipedia.org/wiki/Tunisia
Hanson2016_213,https://en.wikipedia.org/wiki/Turris_Tamalleni
Hanson2016_214,https://en.wikipedia.org/wiki/Special:Search?search=Uluzibbira%20ancient%20Roman%20city
Hanson2016_215,https://en.wikipedia.org/wiki/Special:Search?search=Unknown%20%28ancient%20city%29%20ancient%20Roman%20city
Hanson2016_216,https://en.wikipedia.org/wiki/Uthina
Hanson2016_217,https://en.wikipedia.org/wiki/Special:Search?search=Utica%20ancient%20Roman%20city
Hanson2016_218,https://en.wikipedia.org/wiki/El_Alia
Hanson2016_219,https://en.wikipedia.org/wiki/B%C3%A9ja
Hanson2016_220,https://en.wikipedia.org/wiki/Special:Search?search=Vallis%20ancient%20Roman%20city
Hanson2016_221,https://en.wikipedia.org/wiki/Zama_%28Tunisia%29
Hanson2016_222,https://en.wikipedia.org/wiki/Zitha
Hanson2016_223,https://en.wikipedia.org/wiki/Turin
Hanson2016_224,https://en.wikipedia.org/wiki/Susa%2C_Piedmont
Hanson2016_225,https://en.wikipedia.org/wiki/Aosta
Hanson2016_226,https://en.wikipedia.org/wiki/Martigny
Hanson2016_227,https://en.wikipedia.org/wiki/Cimiez
Hanson2016_228,https://en.wikipedia.org/wiki/Special:Search?search=Pedona%20ancient%20Roman%20city
Hanson2016_229,https://en.wikipedia.org/wiki/Special:Search?search=Abila%20ancient%20Roman%20city
Hanson2016_230,https://en.wikipedia.org/wiki/Daraa
Hanson2016_231,https://en.wikipedia.org/wiki/Bosra
Hanson2016_232,https://en.wikipedia.org/wiki/Qanawat
Hanson2016_233,https://en.wikipedia.org/wiki/Capitolias
Hanson2016_234,https://en.wikipedia.org/wiki/Suwayda
Hanson2016_235,https://en.wikipedia.org/wiki/Special:Search?search=Elusa%20ancient%20Roman%20city
Hanson2016_236,https://en.wikipedia.org/wiki/Gadara
Hanson2016_237,https://en.wikipedia.org/wiki/Jerash
Hanson2016_238,https://en.wikipedia.org/wiki/Hippus
Hanson2016_239,https://en.wikipedia.org/wiki/Madaba
Hanson2016_240,https://en.wikipedia.org/wiki/Petra
Hanson2016_241,https://en.wikipedia.org/wiki/Shahba
Hanson2016_242,https://en.wikipedia.org/wiki/Special:Search?search=Saccaea%20ancient%20Roman%20city
Hanson2016_243,https://en.wikipedia.org/wiki/Nara_Burnu
Hanson2016_244,https://en.wikipedia.org/wiki/Acmonia
Hanson2016_245,https://en.wikipedia.org/wiki/Adramyttium
Hanson2016_246,https://en.wikipedia.org/wiki/Aigai_%28Aeolis%29
Hanson2016_247,https://en.wikipedia.org/wiki/%C3%87avdarhisar
Hanson2016_248,https://en.wikipedia.org/wiki/Alabanda
Hanson2016_249,https://en.wikipedia.org/wiki/Alexandria
Hanson2016_250,https://en.wikipedia.org/wiki/Alinda
Hanson2016_251,https://en.wikipedia.org/wiki/Amorium
Hanson2016_252,https://en.wikipedia.org/wiki/Special:Search?search=Amyzon%20ancient%20Roman%20city
Hanson2016_253,https://en.wikipedia.org/wiki/Kuyucak
Hanson2016_254,https://en.wikipedia.org/wiki/Aphrodisias
Hanson2016_255,https://en.wikipedia.org/wiki/Special:Search?search=Apollonia%20ancient%20Roman%20city
Hanson2016_256,https://en.wikipedia.org/wiki/Special:Search?search=Apollonia%20ancient%20Roman%20city
Hanson2016_257,https://en.wikipedia.org/wiki/Assos
Hanson2016_258,https://en.wikipedia.org/wiki/Astypalaea
Hanson2016_259,https://en.wikipedia.org/wiki/Bargylia
Hanson2016_260,https://en.wikipedia.org/wiki/Blaundus
Hanson2016_261,https://en.wikipedia.org/wiki/Castabus
Hanson2016_262,https://en.wikipedia.org/wiki/Kaunos
Hanson2016_263,https://en.wikipedia.org/wiki/Cedreae
Hanson2016_264,https://en.wikipedia.org/wiki/Celaenae
Hanson2016_265,https://en.wikipedia.org/wiki/Ceramus
Hanson2016_266,https://en.wikipedia.org/wiki/Klazomenai
Hanson2016_267,https://en.wikipedia.org/wiki/Knidos
Hanson2016_268,https://en.wikipedia.org/wiki/Special:Search?search=Colophon%20ancient%20Roman%20city
Hanson2016_269,https://en.wikipedia.org/wiki/Colossae
Hanson2016_270,https://en.wikipedia.org/wiki/Kos
Hanson2016_271,https://en.wikipedia.org/wiki/Special:Search?search=Cyme%20ancient%20Roman%20city
Hanson2016_272,https://en.wikipedia.org/wiki/Cysteine
Hanson2016_273,https://en.wikipedia.org/wiki/Cyzicus
Hanson2016_274,https://en.wikipedia.org/wiki/Special:Search?search=Dardanium%20ancient%20Roman%20city
Hanson2016_275,https://en.wikipedia.org/wiki/Special:Search?search=Elaea%20ancient%20Roman%20city
Hanson2016_276,https://en.wikipedia.org/wiki/Ephesus
Hanson2016_277,https://en.wikipedia.org/wiki/Erythrae
Hanson2016_278,https://en.wikipedia.org/wiki/Euhippe
Hanson2016_279,https://en.wikipedia.org/wiki/Euromus
Hanson2016_280,https://en.wikipedia.org/wiki/Halicarnassus
Hanson2016_281,https://en.wikipedia.org/wiki/Harpasa
Hanson2016_282,https://en.wikipedia.org/wiki/Lake_Bafa
Hanson2016_283,https://en.wikipedia.org/wiki/Waqf
Hanson2016_284,https://en.wikipedia.org/wiki/Hierapolis
Hanson2016_285,https://en.wikipedia.org/wiki/Hydissus
Hanson2016_286,https://en.wikipedia.org/wiki/Hyllarima
Hanson2016_287,https://en.wikipedia.org/wiki/Iasus
Hanson2016_288,https://en.wikipedia.org/wiki/Special:Search?search=Ilium%20ancient%20Roman%20city
Hanson2016_289,https://en.wikipedia.org/wiki/Lampsacus
Hanson2016_290,https://en.wikipedia.org/wiki/Special:Search?search=Laodicea%20ancient%20Roman%20city
Hanson2016_291,https://en.wikipedia.org/wiki/Special:Search?search=Larisa%20ancient%20Roman%20city
Hanson2016_292,https://en.wikipedia.org/wiki/Lebedus
Hanson2016_293,https://en.wikipedia.org/wiki/Lindus
Hanson2016_294,https://en.wikipedia.org/wiki/Tekin
Hanson2016_295,https://en.wikipedia.org/wiki/Manisa
Hanson2016_296,https://en.wikipedia.org/wiki/Mithymna
Hanson2016_297,https://en.wikipedia.org/wiki/Metropolis
Hanson2016_298,https://en.wikipedia.org/wiki/Miletus
Hanson2016_299,https://en.wikipedia.org/wiki/Milas
Hanson2016_300,https://en.wikipedia.org/wiki/Myndus
Hanson2016_301,https://en.wikipedia.org/wiki/Special:Search?search=Myrina%20ancient%20Roman%20city
Hanson2016_302,https://en.wikipedia.org/wiki/Mytilene
Hanson2016_303,https://en.wikipedia.org/wiki/Sultanhisar
Hanson2016_304,https://en.wikipedia.org/wiki/Parium
Hanson2016_305,https://en.wikipedia.org/wiki/Pergamon
Hanson2016_306,https://en.wikipedia.org/wiki/Pessinus
Hanson2016_307,https://en.wikipedia.org/wiki/Philadelphia
Hanson2016_308,https://en.wikipedia.org/wiki/Phocaea
Hanson2016_309,https://en.wikipedia.org/wiki/Rhodos
Hanson2016_310,https://en.wikipedia.org/wiki/Setae_%28Lydia%29
Hanson2016_311,https://en.wikipedia.org/wiki/Samos
Hanson2016_312,https://en.wikipedia.org/wiki/Sardis
Hanson2016_313,https://en.wikipedia.org/wiki/Satala
Hanson2016_314,https://en.wikipedia.org/wiki/Special:Search?search=Silandos%20ancient%20Roman%20city
Hanson2016_315,https://en.wikipedia.org/wiki/Smyrna
Hanson2016_316,https://en.wikipedia.org/wiki/Special:Search?search=Stratonicaea%20ancient%20Roman%20city
Hanson2016_317,https://en.wikipedia.org/wiki/Synnada
Hanson2016_318,https://en.wikipedia.org/wiki/Twenty-foot_equivalent_unit
Hanson2016_319,https://en.wikipedia.org/wiki/Theangela
Hanson2016_320,https://en.wikipedia.org/wiki/Thyatira
Hanson2016_321,https://en.wikipedia.org/wiki/Ayd%C4%B1n
Hanson2016_322,https://en.wikipedia.org/wiki/Special:Search?search=Abdera%20ancient%20Roman%20city
Hanson2016_323,https://en.wikipedia.org/wiki/Special:Search?search=Acinippo%20ancient%20Roman%20city
Hanson2016_324,https://en.wikipedia.org/wiki/Special:Search?search=Arva%20ancient%20Roman%20city
Hanson2016_325,https://en.wikipedia.org/wiki/Medina-Sidonia
Hanson2016_326,https://en.wikipedia.org/wiki/%C3%89cija
Hanson2016_327,https://en.wikipedia.org/wiki/Special:Search?search=Aurgi%20ancient%20Roman%20city
Hanson2016_328,https://en.wikipedia.org/wiki/Lora_del_R%C3%ADo
Hanson2016_329,https://en.wikipedia.org/wiki/Special:Search?search=Baelo%20ancient%20Roman%20city
Hanson2016_330,https://en.wikipedia.org/wiki/Callet
Hanson2016_331,https://en.wikipedia.org/wiki/Canama
Hanson2016_332,https://en.wikipedia.org/wiki/Carissa
Hanson2016_333,https://en.wikipedia.org/wiki/Special:Search?search=Carmo%20ancient%20Roman%20city
Hanson2016_334,https://en.wikipedia.org/wiki/Carteia
Hanson2016_335,https://en.wikipedia.org/wiki/C%C3%A1rtama
Hanson2016_336,https://en.wikipedia.org/wiki/C%C3%B3rdoba%2C_Spain
Hanson2016_337,https://en.wikipedia.org/wiki/C%C3%A1diz
Hanson2016_338,https://en.wikipedia.org/wiki/Special:Search?search=Hasta%20Regia%20ancient%20Roman%20city
Hanson2016_339,https://en.wikipedia.org/wiki/Seville
Hanson2016_340,https://en.wikipedia.org/wiki/Ilipa
Hanson2016_341,https://en.wikipedia.org/wiki/Illiturgis
Hanson2016_342,https://en.wikipedia.org/wiki/Elvira
Hanson2016_343,https://en.wikipedia.org/wiki/Matar%C3%B3
Hanson2016_344,https://en.wikipedia.org/wiki/Special:Search?search=Iptuci%20ancient%20Roman%20city
Hanson2016_345,https://en.wikipedia.org/wiki/Special:Search?search=Irni%20ancient%20Roman%20city
Hanson2016_346,https://en.wikipedia.org/wiki/Los_Villares
Hanson2016_347,https://en.wikipedia.org/wiki/Italica
Hanson2016_348,https://en.wikipedia.org/wiki/Iulia_Traducta
Hanson2016_349,https://en.wikipedia.org/wiki/Special:Search?search=Laepia%20ancient%20Roman%20city
Hanson2016_350,https://en.wikipedia.org/wiki/Mor%C3%B3n_de_la_Frontera
Hanson2016_351,https://en.wikipedia.org/wiki/M%C3%A1laga
Hanson2016_352,https://en.wikipedia.org/wiki/Munigua
Hanson2016_353,https://en.wikipedia.org/wiki/Lebrija
Hanson2016_354,https://en.wikipedia.org/wiki/Special:Search?search=Nertobriga%20ancient%20Roman%20city
Hanson2016_355,https://en.wikipedia.org/wiki/Procuna
Hanson2016_356,https://en.wikipedia.org/wiki/Orippo
Hanson2016_357,https://en.wikipedia.org/wiki/Special:Search?search=Osset%20ancient%20Roman%20city
Hanson2016_358,https://en.wikipedia.org/wiki/Special:Search?search=Regina%20ancient%20Roman%20city
Hanson2016_359,https://en.wikipedia.org/wiki/Special:Search?search=Sacili%20ancient%20Roman%20city
Hanson2016_360,https://en.wikipedia.org/wiki/Special:Search?search=Salpensa%20ancient%20Roman%20city
Hanson2016_361,https://en.wikipedia.org/wiki/Special:Search?search=Segida%20ancient%20Roman%20city
Hanson2016_362,https://en.wikipedia.org/wiki/Seria
Hanson2016_363,https://en.wikipedia.org/wiki/Almu%C3%B1%C3%A9car
Hanson2016_364,https://en.wikipedia.org/wiki/Special:Search?search=Siarum%20ancient%20Roman%20city
Hanson2016_365,https://en.wikipedia.org/wiki/Special:Search?search=Singilia%20Barba%20ancient%20Roman%20city
Hanson2016_366,https://en.wikipedia.org/wiki/Fuengirola
Hanson2016_367,https://en.wikipedia.org/wiki/Tucci
Hanson2016_368,https://en.wikipedia.org/wiki/Special:Search?search=Ucubi%20ancient%20Roman%20city
Hanson2016_369,https://en.wikipedia.org/wiki/Ugia
Hanson2016_370,https://en.wikipedia.org/wiki/Special:Search?search=Ugultunia%20ancient%20Roman%20city
Hanson2016_371,https://en.wikipedia.org/wiki/Ulia
Hanson2016_372,https://en.wikipedia.org/wiki/Special:Search?search=Urgao%20ancient%20Roman%20city
Hanson2016_373,https://en.wikipedia.org/wiki/Urso
Hanson2016_374,https://en.wikipedia.org/wiki/Amasra
Hanson2016_375,https://en.wikipedia.org/wiki/Samsun
Hanson2016_376,https://en.wikipedia.org/wiki/Apamea
Hanson2016_377,https://en.wikipedia.org/wiki/Chalcedon
Hanson2016_378,https://en.wikipedia.org/wiki/Nicaea
Hanson2016_379,https://en.wikipedia.org/wiki/Nicomedia
Hanson2016_380,https://en.wikipedia.org/wiki/Prusias_ad_Hypium
Hanson2016_381,https://en.wikipedia.org/wiki/Special:Search?search=Sinope%20ancient%20Roman%20city
Hanson2016_382,https://en.wikipedia.org/wiki/Tium
Hanson2016_383,https://en.wikipedia.org/wiki/Aquae_Sulis
Hanson2016_384,https://en.wikipedia.org/wiki/Chelmsford
Hanson2016_385,https://en.wikipedia.org/wiki/Calleva
Hanson2016_386,https://en.wikipedia.org/wiki/Camulodunum
Hanson2016_387,https://en.wikipedia.org/wiki/Corinium_Dobunnorum
Hanson2016_388,https://en.wikipedia.org/wiki/Coria_%28Corbridge%29
Hanson2016_389,https://en.wikipedia.org/wiki/Durnovaria
Hanson2016_390,https://en.wikipedia.org/wiki/Water_Newton
Hanson2016_391,https://en.wikipedia.org/wiki/Special:Search?search=Durobrivae%20ancient%20Roman%20city
Hanson2016_392,https://en.wikipedia.org/wiki/Durovernum_Cantiacorum
Hanson2016_393,https://en.wikipedia.org/wiki/Eboracum
Hanson2016_394,https://en.wikipedia.org/wiki/Glevum
Hanson2016_395,https://en.wikipedia.org/wiki/Exeter
Hanson2016_396,https://en.wikipedia.org/wiki/Isurium_Brigantum
Hanson2016_397,https://en.wikipedia.org/wiki/Lindinis
Hanson2016_398,https://en.wikipedia.org/wiki/Lindum_Colonia
Hanson2016_399,https://en.wikipedia.org/wiki/Londinium
Hanson2016_400,https://en.wikipedia.org/wiki/Luguvalium
Hanson2016_401,https://en.wikipedia.org/wiki/Carmarthen
Hanson2016_402,https://en.wikipedia.org/wiki/Chichester
Hanson2016_403,https://en.wikipedia.org/wiki/Petuaria
Hanson2016_404,https://en.wikipedia.org/wiki/Ratae_Corieltauvorum
Hanson2016_405,https://en.wikipedia.org/wiki/Venta_Belgarum
Hanson2016_406,https://en.wikipedia.org/wiki/Venta_Icenorum
Hanson2016_407,https://en.wikipedia.org/wiki/Venta_Silurum
Hanson2016_408,https://en.wikipedia.org/wiki/Verulamium
Hanson2016_409,https://en.wikipedia.org/wiki/Viroconium_Cornoviorum
Hanson2016_410,https://en.wikipedia.org/wiki/Amasya
Hanson2016_411,https://en.wikipedia.org/wiki/Ankara
Hanson2016_412,https://en.wikipedia.org/wiki/Yalva%C3%A7
Hanson2016_413,https://en.wikipedia.org/wiki/Archelais
Hanson2016_414,https://en.wikipedia.org/wiki/Special:Search?search=Comana%20ancient%20Roman%20city
Hanson2016_415,https://en.wikipedia.org/wiki/Faustinopolis
Hanson2016_416,https://en.wikipedia.org/wiki/Germa
Hanson2016_417,https://en.wikipedia.org/wiki/Konya
Hanson2016_418,https://en.wikipedia.org/wiki/Special:Search?search=Isaura%20ancient%20Roman%20city
Hanson2016_419,https://en.wikipedia.org/wiki/Lystra
Hanson2016_420,https://en.wikipedia.org/wiki/Caesarea_%28Cappadocia%29
Hanson2016_421,https://en.wikipedia.org/wiki/Malatya
Hanson2016_422,https://en.wikipedia.org/wiki/Niksar
Hanson2016_423,https://en.wikipedia.org/wiki/Special:Search?search=Nicopolis%20%28Cappadocia%20%28et%20Galatia%29%29%20ancient%20Roman%20city
Hanson2016_424,https://en.wikipedia.org/wiki/Sivas
Hanson2016_425,https://en.wikipedia.org/wiki/Tavium
Hanson2016_426,https://en.wikipedia.org/wiki/Tyana
Hanson2016_427,https://en.wikipedia.org/wiki/Zile
Hanson2016_428,https://en.wikipedia.org/wiki/Amathus
Hanson2016_429,https://en.wikipedia.org/wiki/Anazarbus
Hanson2016_430,https://en.wikipedia.org/wiki/Anemurium
Hanson2016_431,https://en.wikipedia.org/wiki/Special:Search?search=Antiochia%20ancient%20Roman%20city
Hanson2016_432,https://en.wikipedia.org/wiki/Special:Search?search=Antiochia%20ancient%20Roman%20city
Hanson2016_433,https://en.wikipedia.org/wiki/Special:Search?search=Augusta%20Cilicia%20ancient%20Roman%20city
Hanson2016_434,https://en.wikipedia.org/wiki/Special:Search?search=Carpasium%20ancient%20Roman%20city
Hanson2016_435,https://en.wikipedia.org/wiki/Special:Search?search=Castabala%20ancient%20Roman%20city
Hanson2016_436,https://en.wikipedia.org/wiki/Ayd%C4%B1nc%C4%B1k%2C_Mersin
Hanson2016_437,https://en.wikipedia.org/wiki/Kythrea
Hanson2016_438,https://en.wikipedia.org/wiki/Kition
Hanson2016_439,https://en.wikipedia.org/wiki/Mut
Hanson2016_440,https://en.wikipedia.org/wiki/Colybrassus
Hanson2016_441,https://en.wikipedia.org/wiki/Alanya
Hanson2016_442,https://en.wikipedia.org/wiki/Coropassus
Hanson2016_443,https://en.wikipedia.org/wiki/Curium
Hanson2016_444,https://en.wikipedia.org/wiki/Sepphoris
Hanson2016_445,https://en.wikipedia.org/wiki/Drepana
Hanson2016_446,https://en.wikipedia.org/wiki/Special:Search?search=Elaeussa%20ancient%20Roman%20city
Hanson2016_447,https://en.wikipedia.org/wiki/Idalion
Hanson2016_448,https://en.wikipedia.org/wiki/Special:Search?search=Laertes%20ancient%20Roman%20city
Hanson2016_449,https://en.wikipedia.org/wiki/Lapathus_%28Cyprus%29
Hanson2016_450,https://en.wikipedia.org/wiki/Karaman
Hanson2016_451,https://en.wikipedia.org/wiki/Polis
Hanson2016_452,https://en.wikipedia.org/wiki/Mopsuestia
Hanson2016_453,https://en.wikipedia.org/wiki/Paphos
Hanson2016_454,https://en.wikipedia.org/wiki/Special:Search?search=Oeniandus%20ancient%20Roman%20city
Hanson2016_455,https://en.wikipedia.org/wiki/Olba_%28ancient_city%29
Hanson2016_456,https://en.wikipedia.org/wiki/Kouklia
Hanson2016_457,https://en.wikipedia.org/wiki/Pompeiopolis
Hanson2016_458,https://en.wikipedia.org/wiki/Special:Search?search=Salamis%20ancient%20Roman%20city
Hanson2016_459,https://en.wikipedia.org/wiki/Seleucia
Hanson2016_460,https://en.wikipedia.org/wiki/Selinunte
Hanson2016_461,https://en.wikipedia.org/wiki/Karavostasi
Hanson2016_462,https://en.wikipedia.org/wiki/Syedra
Hanson2016_463,https://en.wikipedia.org/wiki/Special:Search?search=Tarsus%20ancient%20Roman%20city
Hanson2016_464,https://en.wikipedia.org/wiki/Al%C3%A9ria
Hanson2016_465,https://en.wikipedia.org/wiki/Cagliari
Hanson2016_466,https://en.wikipedia.org/wiki/Cornus
Hanson2016_467,https://en.wikipedia.org/wiki/Bastia
Hanson2016_468,https://en.wikipedia.org/wiki/Special:Search?search=Nora%20ancient%20Roman%20city
Hanson2016_469,https://en.wikipedia.org/wiki/Olbia
Hanson2016_470,https://en.wikipedia.org/wiki/Sulcis
Hanson2016_471,https://en.wikipedia.org/wiki/Special:Search?search=Tharrus%20ancient%20Roman%20city
Hanson2016_472,https://en.wikipedia.org/wiki/Porto_Torres
Hanson2016_473,https://en.wikipedia.org/wiki/Special:Search?search=Apollonia%20ancient%20Roman%20city
Hanson2016_474,https://en.wikipedia.org/wiki/Special:Search?search=Aptera%20ancient%20Roman%20city
Hanson2016_475,https://en.wikipedia.org/wiki/Special:Search?search=Barce%20ancient%20Roman%20city
Hanson2016_476,https://en.wikipedia.org/wiki/Berenice
Hanson2016_477,https://en.wikipedia.org/wiki/Chersonesus
Hanson2016_478,https://en.wikipedia.org/wiki/Cisamus
Hanson2016_479,https://en.wikipedia.org/wiki/Knossos
Hanson2016_480,https://en.wikipedia.org/wiki/Chania
Hanson2016_481,https://en.wikipedia.org/wiki/Special:Search?search=Cyrene%20ancient%20Roman%20city
Hanson2016_482,https://en.wikipedia.org/wiki/Gortyna
Hanson2016_483,https://en.wikipedia.org/wiki/Special:Search?search=Hadrianopolis%20ancient%20Roman%20city
Hanson2016_484,https://en.wikipedia.org/wiki/Hierapytna
Hanson2016_485,https://en.wikipedia.org/wiki/Lyktos
Hanson2016_486,https://en.wikipedia.org/wiki/Falasarna
Hanson2016_487,https://en.wikipedia.org/wiki/Polyrrhenia
Hanson2016_488,https://en.wikipedia.org/wiki/Tolmeita
Hanson2016_489,https://en.wikipedia.org/wiki/Rhithymna
Hanson2016_490,https://en.wikipedia.org/wiki/Tocra
Hanson2016_491,https://en.wikipedia.org/wiki/Zlatna
Hanson2016_492,https://en.wikipedia.org/wiki/Alba_Iulia
Hanson2016_493,https://en.wikipedia.org/wiki/Alba_Iulia
Hanson2016_494,https://en.wikipedia.org/wiki/Dierna
Hanson2016_495,https://en.wikipedia.org/wiki/Micia
Hanson2016_496,https://en.wikipedia.org/wiki/History_of_Cluj-Napoca
Hanson2016_497,https://en.wikipedia.org/wiki/Porolissum
Hanson2016_498,https://en.wikipedia.org/wiki/Turda
Hanson2016_499,https://en.wikipedia.org/wiki/Romula
Hanson2016_500,https://en.wikipedia.org/wiki/Hunedoara
Hanson2016_501,https://en.wikipedia.org/wiki/Tibiscum
Hanson2016_502,https://en.wikipedia.org/wiki/Special:Search?search=Absortium%20ancient%20Roman%20city
Hanson2016_503,https://en.wikipedia.org/wiki/Kotor
Hanson2016_504,https://en.wikipedia.org/wiki/Special:Search?search=Aenona%20ancient%20Roman%20city
Hanson2016_505,https://en.wikipedia.org/wiki/Aequum
Hanson2016_506,https://en.wikipedia.org/wiki/Special:Search?search=Alveria%20ancient%20Roman%20city
Hanson2016_507,https://en.wikipedia.org/wiki/Special:Search?search=Ansium%20ancient%20Roman%20city
Hanson2016_508,https://en.wikipedia.org/wiki/Special:Search?search=Arba%20ancient%20Roman%20city
Hanson2016_509,https://en.wikipedia.org/wiki/Starigrad%2C_Zadar_County
Hanson2016_510,https://en.wikipedia.org/wiki/Prozor%2C_Croatia
Hanson2016_511,https://en.wikipedia.org/wiki/Asseria
Hanson2016_512,https://en.wikipedia.org/wiki/Special:Search?search=Azina%20ancient%20Roman%20city
Hanson2016_513,https://en.wikipedia.org/wiki/%C5%A0ipovo
Hanson2016_514,https://en.wikipedia.org/wiki/Mostar
Hanson2016_515,https://en.wikipedia.org/wiki/Zenica
Hanson2016_516,https://en.wikipedia.org/wiki/Special:Search?search=Blandona%20ancient%20Roman%20city
Hanson2016_517,https://en.wikipedia.org/wiki/Burnum
Hanson2016_518,https://en.wikipedia.org/wiki/Kingdom_of_Butua
Hanson2016_519,https://en.wikipedia.org/wiki/Special:Search?search=Cissa%20ancient%20Roman%20city
Hanson2016_520,https://en.wikipedia.org/wiki/Corinium_Dobunnorum
Hanson2016_521,https://en.wikipedia.org/wiki/Crexa
Hanson2016_522,https://en.wikipedia.org/wiki/Krk
Hanson2016_523,https://en.wikipedia.org/wiki/Delminium
Hanson2016_524,https://en.wikipedia.org/wiki/Stolac
Hanson2016_525,https://en.wikipedia.org/wiki/Special:Search?search=Doclea%20ancient%20Roman%20city
Hanson2016_526,https://en.wikipedia.org/wiki/Special:Search?search=Domavium%20ancient%20Roman%20city
Hanson2016_527,https://en.wikipedia.org/wiki/Epidaurum
Hanson2016_528,https://en.wikipedia.org/wiki/Special:Search?search=Fulfinium%20ancient%20Roman%20city
Hanson2016_529,https://en.wikipedia.org/wiki/Zadar
Hanson2016_530,https://en.wikipedia.org/wiki/Special:Search?search=Issa%20ancient%20Roman%20city
Hanson2016_531,https://en.wikipedia.org/wiki/Bjelajce
Hanson2016_532,https://en.wikipedia.org/wiki/Lezh%C3%AB
Hanson2016_533,https://en.wikipedia.org/wiki/Special:Search?search=Lopsica%20ancient%20Roman%20city
Hanson2016_534,https://en.wikipedia.org/wiki/Umljanovi%C4%87
Hanson2016_535,https://en.wikipedia.org/wiki/Skelani
Hanson2016_536,https://en.wikipedia.org/wiki/Special:Search?search=Metulum%20ancient%20Roman%20city
Hanson2016_537,https://en.wikipedia.org/wiki/Special:Search?search=Municipium%20S%20ancient%20Roman%20city
Hanson2016_538,https://en.wikipedia.org/wiki/Narona
Hanson2016_539,https://en.wikipedia.org/wiki/Nadin
Hanson2016_540,https://en.wikipedia.org/wiki/Nova
Hanson2016_541,https://en.wikipedia.org/wiki/Ulcinj
Hanson2016_542,https://en.wikipedia.org/wiki/Stinica
Hanson2016_543,https://en.wikipedia.org/wiki/Special:Search?search=Raetinium%20ancient%20Roman%20city
Hanson2016_544,https://en.wikipedia.org/wiki/Danilo
Hanson2016_545,https://en.wikipedia.org/wiki/Rogatica
Hanson2016_546,https://en.wikipedia.org/wiki/Rhizon
Hanson2016_547,https://en.wikipedia.org/wiki/Salona
Hanson2016_548,https://en.wikipedia.org/wiki/Special:Search?search=Salvium%20ancient%20Roman%20city
Hanson2016_549,https://en.wikipedia.org/wiki/Skradin
Hanson2016_550,https://en.wikipedia.org/wiki/Shkod%C3%ABr
Hanson2016_551,https://en.wikipedia.org/wiki/Senj
Hanson2016_552,https://en.wikipedia.org/wiki/Setovia
Hanson2016_553,https://en.wikipedia.org/wiki/Special:Search?search=Sidrona%20ancient%20Roman%20city
Hanson2016_554,https://en.wikipedia.org/wiki/Special:Search?search=Splonum%20ancient%20Roman%20city
Hanson2016_555,https://en.wikipedia.org/wiki/Trsat
Hanson2016_556,https://en.wikipedia.org/wiki/Trogir
Hanson2016_557,https://en.wikipedia.org/wiki/Special:Search?search=Varvaria%20ancient%20Roman%20city
Hanson2016_558,https://en.wikipedia.org/wiki/Karlobag
Hanson2016_559,https://en.wikipedia.org/wiki/Agen
Hanson2016_560,https://en.wikipedia.org/wiki/Anderitum
Hanson2016_561,https://en.wikipedia.org/wiki/Dax%2C_Landes
Hanson2016_562,https://en.wikipedia.org/wiki/Argentomagus
Hanson2016_563,https://en.wikipedia.org/wiki/Auch
Hanson2016_564,https://en.wikipedia.org/wiki/Clermont-Ferrand
Hanson2016_565,https://en.wikipedia.org/wiki/Limoges
Hanson2016_566,https://en.wikipedia.org/wiki/Avaricum
Hanson2016_567,https://en.wikipedia.org/wiki/Bordeaux
Hanson2016_568,https://en.wikipedia.org/wiki/Nantes
Hanson2016_569,https://en.wikipedia.org/wiki/Divona
Hanson2016_570,https://en.wikipedia.org/wiki/Poitiers
Hanson2016_571,https://en.wikipedia.org/wiki/Lugdunum_Convenarum
Hanson2016_572,https://en.wikipedia.org/wiki/Mediolanum
Hanson2016_573,https://en.wikipedia.org/wiki/Numerama
Hanson2016_574,https://en.wikipedia.org/wiki/Segodunum
Hanson2016_575,https://en.wikipedia.org/wiki/Civaux
Hanson2016_576,https://en.wikipedia.org/wiki/Vesunna
Hanson2016_577,https://en.wikipedia.org/wiki/Special:Search?search=Vetus%20Pictavis%20ancient%20Roman%20city
Hanson2016_578,https://en.wikipedia.org/wiki/Special:Search?search=Vindobriga%20ancient%20Roman%20city
Hanson2016_579,https://en.wikipedia.org/wiki/Special:Search?search=Vindobriga%20ancient%20Roman%20city
Hanson2016_580,https://en.wikipedia.org/wiki/Amiens
Hanson2016_581,https://en.wikipedia.org/wiki/Augusta_Suessionum
Hanson2016_582,https://en.wikipedia.org/wiki/Augusta_Viromanduorum
Hanson2016_583,https://en.wikipedia.org/wiki/Bavay
Hanson2016_584,https://en.wikipedia.org/wiki/Bede
Hanson2016_585,https://en.wikipedia.org/wiki/Beauvais
Hanson2016_586,https://en.wikipedia.org/wiki/Cambrai
Hanson2016_587,https://en.wikipedia.org/wiki/Trier
Hanson2016_588,https://en.wikipedia.org/wiki/Tarquimpol
Hanson2016_589,https://en.wikipedia.org/wiki/Metz
Hanson2016_590,https://en.wikipedia.org/wiki/Durocortorum
Hanson2016_591,https://en.wikipedia.org/wiki/Corseul
Hanson2016_592,https://en.wikipedia.org/wiki/Special:Search?search=Nasium%20ancient%20Roman%20city
Hanson2016_593,https://en.wikipedia.org/wiki/Arras
Hanson2016_594,https://en.wikipedia.org/wiki/Sarrebourg
Hanson2016_595,https://en.wikipedia.org/wiki/Th%C3%A9rouanne
Hanson2016_596,https://en.wikipedia.org/wiki/Toul
Hanson2016_597,https://en.wikipedia.org/wiki/Sens
Hanson2016_598,https://en.wikipedia.org/wiki/Special:Search?search=Alauna%20ancient%20Roman%20city
Hanson2016_599,https://en.wikipedia.org/wiki/Special:Search?search=Alesia%20ancient%20Roman%20city
Hanson2016_600,https://en.wikipedia.org/wiki/Special:Search?search=Aregenua%20ancient%20Roman%20city
Hanson2016_601,https://en.wikipedia.org/wiki/Troyes
Hanson2016_602,https://en.wikipedia.org/wiki/Autun
Hanson2016_603,https://en.wikipedia.org/wiki/Bayeux
Hanson2016_604,https://en.wikipedia.org/wiki/Senlis
Hanson2016_605,https://en.wikipedia.org/wiki/Chartres
Hanson2016_606,https://en.wikipedia.org/wiki/Chalon-sur-Sa%C3%B4ne
Hanson2016_607,https://en.wikipedia.org/wiki/Tours
Hanson2016_608,https://en.wikipedia.org/wiki/Cenabum
Hanson2016_609,https://en.wikipedia.org/wiki/Condate_Riedonum
Hanson2016_610,https://en.wikipedia.org/wiki/Coutances
Hanson2016_611,https://en.wikipedia.org/wiki/Vannes
Hanson2016_612,https://en.wikipedia.org/wiki/Dijon
Hanson2016_613,https://en.wikipedia.org/wiki/Feurs
Hanson2016_614,https://en.wikipedia.org/wiki/Gisacum
Hanson2016_615,https://en.wikipedia.org/wiki/Meaux
Hanson2016_616,https://en.wikipedia.org/wiki/Ingena
Hanson2016_617,https://en.wikipedia.org/wiki/Special:Search?search=Intaranum%20ancient%20Roman%20city
Hanson2016_618,https://en.wikipedia.org/wiki/Lillebonne
Hanson2016_619,https://en.wikipedia.org/wiki/Angers
Hanson2016_620,https://en.wikipedia.org/wiki/Lugdunum
Hanson2016_621,https://en.wikipedia.org/wiki/Lutetia
Hanson2016_622,https://en.wikipedia.org/wiki/Mediolanum
Hanson2016_623,https://en.wikipedia.org/wiki/Mediolanum
Hanson2016_624,https://en.wikipedia.org/wiki/Jublains
Hanson2016_625,https://en.wikipedia.org/wiki/Lisieux
Hanson2016_626,https://en.wikipedia.org/wiki/Rouen
Hanson2016_627,https://en.wikipedia.org/wiki/Carhaix-Plouguer
Hanson2016_628,https://en.wikipedia.org/wiki/Archeological_site_of_Alba-la-Romaine
Hanson2016_629,https://en.wikipedia.org/wiki/Riez
Hanson2016_630,https://en.wikipedia.org/wiki/Antibes
Hanson2016_631,https://en.wikipedia.org/wiki/Special:Search?search=Apta%20ancient%20Roman%20city
Hanson2016_632,https://en.wikipedia.org/wiki/Aix-en-Provence
Hanson2016_633,https://en.wikipedia.org/wiki/Orange%2C_Vaucluse
Hanson2016_634,https://en.wikipedia.org/wiki/Arles
Hanson2016_635,https://en.wikipedia.org/wiki/Special:Search?search=Augusta%20Tricastinorum%20ancient%20Roman%20city
Hanson2016_636,https://en.wikipedia.org/wiki/Avignon
Hanson2016_637,https://en.wikipedia.org/wiki/B%C3%A9ziers
Hanson2016_638,https://en.wikipedia.org/wiki/Special:Search?search=Boutae%20ancient%20Roman%20city
Hanson2016_639,https://en.wikipedia.org/wiki/Cavaillon
Hanson2016_640,https://en.wikipedia.org/wiki/Carcassonne
Hanson2016_641,https://en.wikipedia.org/wiki/Carpentras
Hanson2016_642,https://en.wikipedia.org/wiki/Consoranni
Hanson2016_643,https://en.wikipedia.org/wiki/Cularo
Hanson2016_644,https://en.wikipedia.org/wiki/Die%2C_Dr%C3%B4me
Hanson2016_645,https://en.wikipedia.org/wiki/Fr%C3%A9jus
Hanson2016_646,https://en.wikipedia.org/wiki/Geneva
Hanson2016_647,https://en.wikipedia.org/wiki/Glanum
Hanson2016_648,https://en.wikipedia.org/wiki/Special:Search?search=Lucus%20Augusti%20ancient%20Roman%20city
Hanson2016_649,https://en.wikipedia.org/wiki/Massalia
Hanson2016_650,https://en.wikipedia.org/wiki/Mauves
Hanson2016_651,https://en.wikipedia.org/wiki/Narbonne
Hanson2016_652,https://en.wikipedia.org/wiki/Nemausus
Hanson2016_653,https://en.wikipedia.org/wiki/Eudesmia
Hanson2016_654,https://en.wikipedia.org/wiki/Toulouse
Hanson2016_655,https://en.wikipedia.org/wiki/Special:Search?search=Unknown%20%28ancient%20city%29%20ancient%20Roman%20city
Hanson2016_656,https://en.wikipedia.org/wiki/Special:Search?search=Valentia%20ancient%20Roman%20city
Hanson2016_657,https://en.wikipedia.org/wiki/Vaison-la-Romaine
Hanson2016_658,https://en.wikipedia.org/wiki/Vienna
Hanson2016_659,https://en.wikipedia.org/wiki/Atuatuca
Hanson2016_660,https://en.wikipedia.org/wiki/Colonia_Claudia_Ara_Agrippinensium
Hanson2016_661,https://en.wikipedia.org/wiki/Colonia_Ulpia_Traiana
Hanson2016_662,https://en.wikipedia.org/wiki/Forum_Hadriani
Hanson2016_663,https://en.wikipedia.org/wiki/Nijmegen
Hanson2016_664,https://en.wikipedia.org/wiki/Langres
Hanson2016_665,https://en.wikipedia.org/wiki/Wiesbaden
Hanson2016_666,https://en.wikipedia.org/wiki/Rottweil
Hanson2016_667,https://en.wikipedia.org/wiki/Argentoratum
Hanson2016_668,https://en.wikipedia.org/wiki/Augusta_Raurica
Hanson2016_669,https://en.wikipedia.org/wiki/Aventicum
Hanson2016_670,https://en.wikipedia.org/wiki/Mandeure
Hanson2016_671,https://en.wikipedia.org/wiki/Ladenburg
Hanson2016_672,https://en.wikipedia.org/wiki/Lousonna
Hanson2016_673,https://en.wikipedia.org/wiki/Mogontiacum
Hanson2016_674,https://en.wikipedia.org/wiki/Nyon
Hanson2016_675,https://en.wikipedia.org/wiki/Speyer
Hanson2016_676,https://en.wikipedia.org/wiki/Seltz
Hanson2016_677,https://en.wikipedia.org/wiki/Rottenburg_am_Neckar
Hanson2016_678,https://en.wikipedia.org/wiki/Vertillum
Hanson2016_679,https://en.wikipedia.org/wiki/Besan%C3%A7on
Hanson2016_680,https://en.wikipedia.org/wiki/Vindonissa
Hanson2016_681,https://en.wikipedia.org/wiki/Acci
Hanson2016_682,https://en.wikipedia.org/wiki/Isona
Hanson2016_683,https://en.wikipedia.org/wiki/Aquae_Flaviae
Hanson2016_684,https://en.wikipedia.org/wiki/Astorga%2C_Spain
Hanson2016_685,https://en.wikipedia.org/wiki/Special:Search?search=Attacum%20ancient%20Roman%20city
Hanson2016_686,https://en.wikipedia.org/wiki/Badalona
Hanson2016_687,https://en.wikipedia.org/wiki/Barcelona
Hanson2016_688,https://en.wikipedia.org/wiki/Bilbilis
Hanson2016_689,https://en.wikipedia.org/wiki/Special:Search?search=Bocchori%20ancient%20Roman%20city
Hanson2016_690,https://en.wikipedia.org/wiki/Braga
Hanson2016_691,https://en.wikipedia.org/wiki/Caesaraugusta
Hanson2016_692,https://en.wikipedia.org/wiki/Calahorra
Hanson2016_693,https://en.wikipedia.org/wiki/Carthago_Nova
Hanson2016_694,https://en.wikipedia.org/wiki/Castulo
Hanson2016_695,https://en.wikipedia.org/wiki/Special:Search?search=Celsa%20ancient%20Roman%20city
Hanson2016_696,https://en.wikipedia.org/wiki/Clunia
Hanson2016_697,https://en.wikipedia.org/wiki/Tortosa
Hanson2016_698,https://en.wikipedia.org/wiki/Dianium
Hanson2016_699,https://en.wikipedia.org/wiki/Ibiza
Hanson2016_700,https://en.wikipedia.org/wiki/Emp%C3%BAries
Hanson2016_701,https://en.wikipedia.org/wiki/Ercavica
Hanson2016_702,https://en.wikipedia.org/wiki/Castro_Urdiales
Hanson2016_703,https://en.wikipedia.org/wiki/Girona
Hanson2016_704,https://en.wikipedia.org/wiki/Special:Search?search=Gracchuris%20ancient%20Roman%20city
Hanson2016_705,https://en.wikipedia.org/wiki/Special:Search?search=Iamo%20ancient%20Roman%20city
Hanson2016_706,https://en.wikipedia.org/wiki/Ezo
Hanson2016_707,https://en.wikipedia.org/wiki/Heliophorus
Hanson2016_708,https://en.wikipedia.org/wiki/Elche
Hanson2016_709,https://en.wikipedia.org/wiki/Special:Search?search=Ilugo%20ancient%20Roman%20city
Hanson2016_710,https://en.wikipedia.org/wiki/Retortillo
Hanson2016_711,https://en.wikipedia.org/wiki/Special:Search?search=Labitolosa%20ancient%20Roman%20city
Hanson2016_712,https://en.wikipedia.org/wiki/Libisosa
Hanson2016_713,https://en.wikipedia.org/wiki/Lucentum
Hanson2016_714,https://en.wikipedia.org/wiki/Lugo
Hanson2016_715,https://en.wikipedia.org/wiki/Mah%C3%B3n
Hanson2016_716,https://en.wikipedia.org/wiki/Special:Search?search=Mirobriga%20ancient%20Roman%20city
Hanson2016_717,https://en.wikipedia.org/wiki/Numantia
Hanson2016_718,https://en.wikipedia.org/wiki/Huesca
Hanson2016_719,https://en.wikipedia.org/wiki/Special:Search?search=Ossigi%20ancient%20Roman%20city
Hanson2016_720,https://en.wikipedia.org/wiki/Special:Search?search=Palma%20ancient%20Roman%20city
Hanson2016_721,https://en.wikipedia.org/wiki/Pollentia
Hanson2016_722,https://en.wikipedia.org/wiki/Pamplona
Hanson2016_723,https://en.wikipedia.org/wiki/Special:Search?search=Roda%20ancient%20Roman%20city
Hanson2016_724,https://en.wikipedia.org/wiki/X%C3%A0tiva
Hanson2016_725,https://en.wikipedia.org/wiki/Sagunto
Hanson2016_726,https://en.wikipedia.org/wiki/Salaria
Hanson2016_727,https://en.wikipedia.org/wiki/Segeda
Hanson2016_728,https://en.wikipedia.org/wiki/Segobriga
Hanson2016_729,https://en.wikipedia.org/wiki/Segovia
Hanson2016_730,https://en.wikipedia.org/wiki/Special:Search?search=Sisapo%20ancient%20Roman%20city
Hanson2016_731,https://en.wikipedia.org/wiki/Tarraco
Hanson2016_732,https://en.wikipedia.org/wiki/Special:Search?search=Termes%20ancient%20Roman%20city
Hanson2016_733,https://en.wikipedia.org/wiki/Toledo%2C_Spain
Hanson2016_734,https://en.wikipedia.org/wiki/Tarazona
Hanson2016_735,https://en.wikipedia.org/wiki/Uxama_Argaela
Hanson2016_736,https://en.wikipedia.org/wiki/Valencia
Hanson2016_737,https://en.wikipedia.org/wiki/Valencia
Hanson2016_738,https://en.wikipedia.org/wiki/Special:Search?search=Valeria%20ancient%20Roman%20city
Hanson2016_739,https://en.wikipedia.org/wiki/Abella
Hanson2016_740,https://en.wikipedia.org/wiki/Avellino
Hanson2016_741,https://en.wikipedia.org/wiki/Acerra
Hanson2016_742,https://en.wikipedia.org/wiki/Alatri
Hanson2016_743,https://en.wikipedia.org/wiki/Allifae
Hanson2016_744,https://en.wikipedia.org/wiki/Anagni
Hanson2016_745,https://en.wikipedia.org/wiki/Antium
Hanson2016_746,https://en.wikipedia.org/wiki/Special:Search?search=Aquilonia%20ancient%20Roman%20city
Hanson2016_747,https://en.wikipedia.org/wiki/Aquino%2C_Italy
Hanson2016_748,https://en.wikipedia.org/wiki/Special:Search?search=Ardea%20ancient%20Roman%20city
Hanson2016_749,https://en.wikipedia.org/wiki/Ariccia
Hanson2016_750,https://en.wikipedia.org/wiki/Arpino
Hanson2016_751,https://en.wikipedia.org/wiki/Atella
Hanson2016_752,https://en.wikipedia.org/wiki/Special:Search?search=Atina%20ancient%20Roman%20city
Hanson2016_753,https://en.wikipedia.org/wiki/Baiae
Hanson2016_754,https://en.wikipedia.org/wiki/Bovillae
Hanson2016_755,https://en.wikipedia.org/wiki/Caiazzo
Hanson2016_756,https://en.wikipedia.org/wiki/Calatia
Hanson2016_757,https://en.wikipedia.org/wiki/Cales
Hanson2016_758,https://en.wikipedia.org/wiki/Capua
Hanson2016_759,https://en.wikipedia.org/wiki/Casilinum
Hanson2016_760,https://en.wikipedia.org/wiki/Casinum
Hanson2016_761,https://en.wikipedia.org/wiki/Marino%2C_Lazio
Hanson2016_762,https://en.wikipedia.org/wiki/Caudium
Hanson2016_763,https://en.wikipedia.org/wiki/Casamari_Abbey
Hanson2016_764,https://en.wikipedia.org/wiki/Circeii
Hanson2016_765,https://en.wikipedia.org/wiki/Circeii
Hanson2016_766,https://en.wikipedia.org/wiki/Special:Search?search=Cora%20ancient%20Roman%20city
Hanson2016_767,https://en.wikipedia.org/wiki/Special:Search?search=Cubulteria%20ancient%20Roman%20city
Hanson2016_768,https://en.wikipedia.org/wiki/Cumae
Hanson2016_769,https://en.wikipedia.org/wiki/San_Giovanni_Incarico
Hanson2016_770,https://en.wikipedia.org/wiki/Ferentino
Hanson2016_771,https://en.wikipedia.org/wiki/Formia
Hanson2016_772,https://en.wikipedia.org/wiki/Special:Search?search=Forum%20Popili%20%28Italia%20%28I%20Latium%20and%20Campania%29%29%20ancient%20Roman%20city
Hanson2016_773,https://en.wikipedia.org/wiki/Frosinone
Hanson2016_774,https://en.wikipedia.org/wiki/Fondi
Hanson2016_775,https://en.wikipedia.org/wiki/Gabii
Hanson2016_776,https://en.wikipedia.org/wiki/Herculaneum
Hanson2016_777,https://en.wikipedia.org/wiki/Interamna_Lirenas
Hanson2016_778,https://en.wikipedia.org/wiki/Labici
Hanson2016_779,https://en.wikipedia.org/wiki/Lanuvium
Hanson2016_780,https://en.wikipedia.org/wiki/Lavinium
Hanson2016_781,https://en.wikipedia.org/wiki/Liternum
Hanson2016_782,https://en.wikipedia.org/wiki/Minturno
Hanson2016_783,https://en.wikipedia.org/wiki/Miseno
Hanson2016_784,https://en.wikipedia.org/wiki/Naples
Hanson2016_785,https://en.wikipedia.org/wiki/Nola
Hanson2016_786,https://en.wikipedia.org/wiki/Norba
Hanson2016_787,https://en.wikipedia.org/wiki/Nocera_Superiore
Hanson2016_788,https://en.wikipedia.org/wiki/Special:Search?search=Ostia%20ancient%20Roman%20city
Hanson2016_789,https://en.wikipedia.org/wiki/Pontecagnano_Faiano
Hanson2016_790,https://en.wikipedia.org/wiki/Pompeii
Hanson2016_791,https://en.wikipedia.org/wiki/Pontia
Hanson2016_792,https://en.wikipedia.org/wiki/Palestrina%2C_Lazio
Hanson2016_793,https://en.wikipedia.org/wiki/Priverno
Hanson2016_794,https://en.wikipedia.org/wiki/Pozzuoli
Hanson2016_795,https://en.wikipedia.org/wiki/Salerno
Hanson2016_796,https://en.wikipedia.org/wiki/Saticula
Hanson2016_797,https://en.wikipedia.org/wiki/Sezze
Hanson2016_798,https://en.wikipedia.org/wiki/Segni
Hanson2016_799,https://en.wikipedia.org/wiki/Sinuessa
Hanson2016_800,https://en.wikipedia.org/wiki/Special:Search?search=Sora%20ancient%20Roman%20city
Hanson2016_801,https://en.wikipedia.org/wiki/Sessa_Aurunca
Hanson2016_802,https://en.wikipedia.org/wiki/Suessula
Hanson2016_803,https://en.wikipedia.org/wiki/Sorrento
Hanson2016_804,https://en.wikipedia.org/wiki/Terracina
Hanson2016_805,https://en.wikipedia.org/wiki/Teano
Hanson2016_806,https://en.wikipedia.org/wiki/Telese_Terme
Hanson2016_807,https://en.wikipedia.org/wiki/Special:Search?search=Treba%20ancient%20Roman%20city
Hanson2016_808,https://en.wikipedia.org/wiki/Trebula_Balliensis
Hanson2016_809,https://en.wikipedia.org/wiki/Tusculum
Hanson2016_810,https://en.wikipedia.org/wiki/Ulubrae
Hanson2016_811,https://en.wikipedia.org/wiki/Velletri
Hanson2016_812,https://en.wikipedia.org/wiki/Venafrum
Hanson2016_813,https://en.wikipedia.org/wiki/Veroli
Hanson2016_814,https://en.wikipedia.org/wiki/Vitellia_gens
Hanson2016_815,https://en.wikipedia.org/wiki/Castel_Volturno
Hanson2016_816,https://en.wikipedia.org/wiki/Troia%2C_Apulia
Hanson2016_817,https://en.wikipedia.org/wiki/Aeclanum
Hanson2016_818,https://en.wikipedia.org/wiki/Gallipoli
Hanson2016_819,https://en.wikipedia.org/wiki/Ascoli_Satriano
Hanson2016_820,https://en.wikipedia.org/wiki/Barium
Hanson2016_821,https://en.wikipedia.org/wiki/Benevento
Hanson2016_822,https://en.wikipedia.org/wiki/Brindisi
Hanson2016_823,https://en.wikipedia.org/wiki/Bitonto
Hanson2016_824,https://en.wikipedia.org/wiki/Caelia
Hanson2016_825,https://en.wikipedia.org/wiki/Cannae
Hanson2016_826,https://en.wikipedia.org/wiki/Canosa_di_Puglia
Hanson2016_827,https://en.wikipedia.org/wiki/Compsa
Hanson2016_828,https://en.wikipedia.org/wiki/Special:Search?search=Egnatia%20ancient%20Roman%20city
Hanson2016_829,https://en.wikipedia.org/wiki/Lavello
Hanson2016_830,https://en.wikipedia.org/wiki/Ginosa
Hanson2016_831,https://en.wikipedia.org/wiki/Ordona
Hanson2016_832,https://en.wikipedia.org/wiki/Otranto
Hanson2016_833,https://en.wikipedia.org/wiki/Luceria
Hanson2016_834,https://en.wikipedia.org/wiki/Lecce
Hanson2016_835,https://en.wikipedia.org/wiki/Nard%C3%B2
Hanson2016_836,https://en.wikipedia.org/wiki/Ruvo_di_Puglia
Hanson2016_837,https://en.wikipedia.org/wiki/Rudiae
Hanson2016_838,https://en.wikipedia.org/wiki/Special:Search?search=Salapia%20Nova%20ancient%20Roman%20city
Hanson2016_839,https://en.wikipedia.org/wiki/Special:Search?search=Salapia%20Vetus%20ancient%20Roman%20city
Hanson2016_840,https://en.wikipedia.org/wiki/Gravina_in_Puglia
Hanson2016_841,https://en.wikipedia.org/wiki/Siponto
Hanson2016_842,https://en.wikipedia.org/wiki/Taranto
Hanson2016_843,https://en.wikipedia.org/wiki/Teanum_Apulum
Hanson2016_844,https://en.wikipedia.org/wiki/Ugento
Hanson2016_845,https://en.wikipedia.org/wiki/Venosa
Hanson2016_846,https://en.wikipedia.org/wiki/Verutum
Hanson2016_847,https://en.wikipedia.org/wiki/Bovino
Hanson2016_848,https://en.wikipedia.org/wiki/Acerenza
Hanson2016_849,https://en.wikipedia.org/wiki/Argusto
Hanson2016_850,https://en.wikipedia.org/wiki/Banzi
Hanson2016_851,https://en.wikipedia.org/wiki/Policastro_Bussentino
Hanson2016_852,https://en.wikipedia.org/wiki/Cosenza
Hanson2016_853,https://en.wikipedia.org/wiki/Thurii
Hanson2016_854,https://en.wikipedia.org/wiki/Padula
Hanson2016_855,https://en.wikipedia.org/wiki/Crotone
Hanson2016_856,https://en.wikipedia.org/wiki/Grumentum
Hanson2016_857,https://en.wikipedia.org/wiki/Policoro
Hanson2016_858,https://en.wikipedia.org/wiki/Locri
Hanson2016_859,https://en.wikipedia.org/wiki/Metapontum
Hanson2016_860,https://en.wikipedia.org/wiki/Muro_Lucano
Hanson2016_861,https://en.wikipedia.org/wiki/Paestum
Hanson2016_862,https://en.wikipedia.org/wiki/Petelia
Hanson2016_863,https://en.wikipedia.org/wiki/Potenza
Hanson2016_864,https://en.wikipedia.org/wiki/Reggio_Calabria
Hanson2016_865,https://en.wikipedia.org/wiki/Scylletium
Hanson2016_866,https://en.wikipedia.org/wiki/Pelochyta
Hanson2016_867,https://en.wikipedia.org/wiki/Teggiano
Hanson2016_868,https://en.wikipedia.org/wiki/Temesa_%28ancient_city%29
Hanson2016_869,https://en.wikipedia.org/wiki/Velia
Hanson2016_870,https://en.wikipedia.org/wiki/Vibo_Valentia
Hanson2016_871,https://en.wikipedia.org/wiki/Buccino
Hanson2016_872,https://en.wikipedia.org/wiki/Aequi
Hanson2016_873,https://en.wikipedia.org/wiki/Isernia
Hanson2016_874,https://en.wikipedia.org/wiki/Special:Search?search=Alba%20Fucentia%20ancient%20Roman%20city
Hanson2016_875,https://en.wikipedia.org/wiki/Amiternum
Hanson2016_876,https://en.wikipedia.org/wiki/Angitia
Hanson2016_877,https://en.wikipedia.org/wiki/Civita_d%27Antino
Hanson2016_878,https://en.wikipedia.org/wiki/Lanciano
Hanson2016_879,https://en.wikipedia.org/wiki/Alfedena
Hanson2016_880,https://en.wikipedia.org/wiki/Aveia
Hanson2016_881,https://en.wikipedia.org/wiki/Bojano
Hanson2016_882,https://en.wikipedia.org/wiki/Carsoli
Hanson2016_883,https://en.wikipedia.org/wiki/Special:Search?search=Cluviae%20ancient%20Roman%20city
Hanson2016_884,https://en.wikipedia.org/wiki/Corfinium
Hanson2016_885,https://en.wikipedia.org/wiki/Special:Search?search=Cures%20ancient%20Roman%20city
Hanson2016_886,https://en.wikipedia.org/wiki/Montagano
Hanson2016_887,https://en.wikipedia.org/wiki/Forum_Novum
Hanson2016_888,https://en.wikipedia.org/wiki/Vasto
Hanson2016_889,https://en.wikipedia.org/wiki/Ortona
Hanson2016_890,https://en.wikipedia.org/wiki/Special:Search?search=Iuvanum%20ancient%20Roman%20city
Hanson2016_891,https://en.wikipedia.org/wiki/Larinum
Hanson2016_892,https://en.wikipedia.org/wiki/San_Benedetto_dei_Marsi
Hanson2016_893,https://en.wikipedia.org/wiki/Mentana
Hanson2016_894,https://en.wikipedia.org/wiki/Peltuinum
Hanson2016_895,https://en.wikipedia.org/wiki/Special:Search?search=Pinna%20ancient%20Roman%20city
Hanson2016_896,https://en.wikipedia.org/wiki/Rieti
Hanson2016_897,https://en.wikipedia.org/wiki/Saepinum
Hanson2016_898,https://en.wikipedia.org/wiki/Sulmona
Hanson2016_899,https://en.wikipedia.org/wiki/Castelvecchio_Subequo
Hanson2016_900,https://en.wikipedia.org/wiki/Chieti
Hanson2016_901,https://en.wikipedia.org/wiki/Trivento
Hanson2016_902,https://en.wikipedia.org/wiki/Tivoli%2C_Lazio
Hanson2016_903,https://en.wikipedia.org/wiki/Trebula_Mutusca
Hanson2016_904,https://en.wikipedia.org/wiki/Trebula_Suffenas
Hanson2016_905,https://en.wikipedia.org/wiki/Ancona
Hanson2016_906,https://en.wikipedia.org/wiki/Ascoli_Piceno
Hanson2016_907,https://en.wikipedia.org/wiki/Atri
Hanson2016_908,https://en.wikipedia.org/wiki/Osimo
Hanson2016_909,https://en.wikipedia.org/wiki/Giulianova
Hanson2016_910,https://en.wikipedia.org/wiki/Special:Search?search=Cluana%20ancient%20Roman%20city
Hanson2016_911,https://en.wikipedia.org/wiki/Falerone
Hanson2016_912,https://en.wikipedia.org/wiki/Fermo
Hanson2016_913,https://en.wikipedia.org/wiki/Ricina
Hanson2016_914,https://en.wikipedia.org/wiki/Teramo
Hanson2016_915,https://en.wikipedia.org/wiki/Numana
Hanson2016_916,https://en.wikipedia.org/wiki/Corridonia
Hanson2016_917,https://en.wikipedia.org/wiki/Pollentia
Hanson2016_918,https://en.wikipedia.org/wiki/Special:Search?search=Potentia%20%28Italia%20%28V%20Picenum%29%29%20ancient%20Roman%20city
Hanson2016_919,https://en.wikipedia.org/wiki/Tolentino
Hanson2016_920,https://en.wikipedia.org/wiki/Treia
Hanson2016_921,https://en.wikipedia.org/wiki/Archaeological_Park_of_Urbs_Salvia
Hanson2016_922,https://en.wikipedia.org/wiki/Jesi
Hanson2016_923,https://en.wikipedia.org/wiki/Special:Search?search=Ameria%20ancient%20Roman%20city
Hanson2016_924,https://en.wikipedia.org/wiki/Assisi
Hanson2016_925,https://en.wikipedia.org/wiki/Camerino
Hanson2016_926,https://en.wikipedia.org/wiki/Carsulae
Hanson2016_927,https://en.wikipedia.org/wiki/Cingoli
Hanson2016_928,https://en.wikipedia.org/wiki/Cupra_Marittima
Hanson2016_929,https://en.wikipedia.org/wiki/Fano
Hanson2016_930,https://en.wikipedia.org/wiki/Fossombrone
Hanson2016_931,https://en.wikipedia.org/wiki/Fulginiae
Hanson2016_932,https://en.wikipedia.org/wiki/Hispellum
Hanson2016_933,https://en.wikipedia.org/wiki/Gubbio
Hanson2016_934,https://en.wikipedia.org/wiki/Terni
Hanson2016_935,https://en.wikipedia.org/wiki/Special:Search?search=Matilica%20ancient%20Roman%20city
Hanson2016_936,https://en.wikipedia.org/wiki/Bevagna
Hanson2016_937,https://en.wikipedia.org/wiki/Special:Search?search=Mevaniola%20ancient%20Roman%20city
Hanson2016_938,https://en.wikipedia.org/wiki/The_Chronicles_of_Narnia
Hanson2016_939,https://en.wikipedia.org/wiki/Nocera_dei_Pagani
Hanson2016_940,https://en.wikipedia.org/wiki/Norcia
Hanson2016_941,https://en.wikipedia.org/wiki/Ocriculum
Hanson2016_942,https://en.wikipedia.org/wiki/Special:Search?search=Ostra%20ancient%20Roman%20city
Hanson2016_943,https://en.wikipedia.org/wiki/Pesaro
Hanson2016_944,https://en.wikipedia.org/wiki/Cagli
Hanson2016_945,https://en.wikipedia.org/wiki/Macerata_Feltria
Hanson2016_946,https://en.wikipedia.org/wiki/Plestia
Hanson2016_947,https://en.wikipedia.org/wiki/Sarsina
Hanson2016_948,https://en.wikipedia.org/wiki/Senigallia
Hanson2016_949,https://en.wikipedia.org/wiki/Sentinum
Hanson2016_950,https://en.wikipedia.org/wiki/Septempeda
Hanson2016_951,https://en.wikipedia.org/wiki/Sestino
Hanson2016_952,https://en.wikipedia.org/wiki/Spoleto
Hanson2016_953,https://en.wikipedia.org/wiki/Suasa
Hanson2016_954,https://en.wikipedia.org/wiki/Special:Search?search=Tadinae%20ancient%20Roman%20city
Hanson2016_955,https://en.wikipedia.org/wiki/Todi
Hanson2016_956,https://en.wikipedia.org/wiki/Special:Search?search=Tuficum%20ancient%20Roman%20city
Hanson2016_957,https://en.wikipedia.org/wiki/Urvinum_Hortense
Hanson2016_958,https://en.wikipedia.org/wiki/Urbino
Hanson2016_959,https://en.wikipedia.org/wiki/Bettona
Hanson2016_960,https://en.wikipedia.org/wiki/Alsium
Hanson2016_961,https://en.wikipedia.org/wiki/Special:Search?search=Arna%20ancient%20Roman%20city
Hanson2016_962,https://en.wikipedia.org/wiki/Arezzo
Hanson2016_963,https://en.wikipedia.org/wiki/Special:Search?search=Baccanae%20ancient%20Roman%20city
Hanson2016_964,https://en.wikipedia.org/wiki/Blera
Hanson2016_965,https://en.wikipedia.org/wiki/Caere
Hanson2016_966,https://en.wikipedia.org/wiki/Capena
Hanson2016_967,https://en.wikipedia.org/wiki/Special:Search?search=Castrum%20Novum%20%28Italia%20%28VII%20Etruria%29%29%20ancient%20Roman%20city
Hanson2016_968,https://en.wikipedia.org/wiki/Civitavecchia
Hanson2016_969,https://en.wikipedia.org/wiki/Clusium
Hanson2016_970,https://en.wikipedia.org/wiki/Cortona
Hanson2016_971,https://en.wikipedia.org/wiki/Cosa
Hanson2016_972,https://en.wikipedia.org/wiki/Fiesole
Hanson2016_973,https://en.wikipedia.org/wiki/Falerii_Novi
Hanson2016_974,https://en.wikipedia.org/wiki/Ferentium
Hanson2016_975,https://en.wikipedia.org/wiki/Fidenae
Hanson2016_976,https://en.wikipedia.org/wiki/Florentia_%28Roman_city%29
Hanson2016_977,https://en.wikipedia.org/wiki/Forum_Cassii
Hanson2016_978,https://en.wikipedia.org/wiki/Fregenae
Hanson2016_979,https://en.wikipedia.org/wiki/Special:Search?search=Graviscae%20ancient%20Roman%20city
Hanson2016_980,https://en.wikipedia.org/wiki/Special:Search?search=Heba%20ancient%20Roman%20city
Hanson2016_981,https://en.wikipedia.org/wiki/Orte
Hanson2016_982,https://en.wikipedia.org/wiki/Lucca
Hanson2016_983,https://en.wikipedia.org/wiki/Lucus_Feroniae
Hanson2016_984,https://en.wikipedia.org/wiki/Special:Search?search=Luna%20ancient%20Roman%20city
Hanson2016_985,https://en.wikipedia.org/wiki/Nepi
Hanson2016_986,https://en.wikipedia.org/wiki/Perusia
Hanson2016_987,https://en.wikipedia.org/wiki/Pisa
Hanson2016_988,https://en.wikipedia.org/wiki/Pistoia
Hanson2016_989,https://en.wikipedia.org/wiki/Umbertide
Hanson2016_990,https://en.wikipedia.org/wiki/Portus
Hanson2016_991,https://en.wikipedia.org/wiki/Pyrgi
Hanson2016_992,https://en.wikipedia.org/wiki/Rome
Hanson2016_993,https://en.wikipedia.org/wiki/Rusellae
Hanson2016_994,https://en.wikipedia.org/wiki/Siena
Hanson2016_995,https://en.wikipedia.org/wiki/Saturnia
Hanson2016_996,https://en.wikipedia.org/wiki/Statonia
Hanson2016_997,https://en.wikipedia.org/wiki/Suana
Hanson2016_998,https://en.wikipedia.org/wiki/Sutri
Hanson2016_999,https://en.wikipedia.org/wiki/Tarquinia
Hanson2016_1000,https://en.wikipedia.org/wiki/Citt%C3%A0_di_Castello
Hanson2016_1001,https://en.wikipedia.org/wiki/Tuscania
Hanson2016_1002,https://en.wikipedia.org/wiki/Veii
Hanson2016_1003,https://en.wikipedia.org/wiki/Vetulonia
Hanson2016_1004,https://en.wikipedia.org/wiki/Visentium
Hanson2016_1005,https://en.wikipedia.org/wiki/Volterra
Hanson2016_1006,https://en.wikipedia.org/wiki/Bolsena
Hanson2016_1007,https://en.wikipedia.org/wiki/Vulci
Hanson2016_1008,https://en.wikipedia.org/wiki/Rimini
Hanson2016_1009,https://en.wikipedia.org/wiki/Bologna
Hanson2016_1010,https://en.wikipedia.org/wiki/Brescello
Hanson2016_1011,https://en.wikipedia.org/wiki/Cesena
Hanson2016_1012,https://en.wikipedia.org/wiki/Claterna
Hanson2016_1013,https://en.wikipedia.org/wiki/Cremona
Hanson2016_1014,https://en.wikipedia.org/wiki/Faenza
Hanson2016_1015,https://en.wikipedia.org/wiki/Fidenza
Hanson2016_1016,https://en.wikipedia.org/wiki/Imola
Hanson2016_1017,https://en.wikipedia.org/wiki/Forl%C3%AC
Hanson2016_1018,https://en.wikipedia.org/wiki/Forlimpopoli
Hanson2016_1019,https://en.wikipedia.org/wiki/Modena
Hanson2016_1020,https://en.wikipedia.org/wiki/Parma
Hanson2016_1021,https://en.wikipedia.org/wiki/Piacenza
Hanson2016_1022,https://en.wikipedia.org/wiki/Ravenna
Hanson2016_1023,https://en.wikipedia.org/wiki/Reggio_Emilia
Hanson2016_1024,https://en.wikipedia.org/wiki/Solona_%28ancient_city%29
Hanson2016_1025,https://en.wikipedia.org/wiki/Velleia
Hanson2016_1026,https://en.wikipedia.org/wiki/Alba%2C_Piedmont
Hanson2016_1027,https://en.wikipedia.org/wiki/Albenga
Hanson2016_1028,https://en.wikipedia.org/wiki/Ventimiglia
Hanson2016_1029,https://en.wikipedia.org/wiki/Acqui_Terme
Hanson2016_1030,https://en.wikipedia.org/wiki/Augusta_Bagiennorum
Hanson2016_1031,https://en.wikipedia.org/wiki/Chieri
Hanson2016_1032,https://en.wikipedia.org/wiki/Tortona
Hanson2016_1033,https://en.wikipedia.org/wiki/Genoa
Hanson2016_1034,https://en.wikipedia.org/wiki/Asti
Hanson2016_1035,https://en.wikipedia.org/wiki/Monteu_da_Po
Hanson2016_1036,https://en.wikipedia.org/wiki/Iria
Hanson2016_1037,https://en.wikipedia.org/wiki/Libarna
Hanson2016_1038,https://en.wikipedia.org/wiki/Vado_Ligure
Hanson2016_1039,https://en.wikipedia.org/wiki/Forum_Fulvii
Hanson2016_1040,https://en.wikipedia.org/wiki/Casale_Monferrato
Hanson2016_1041,https://en.wikipedia.org/wiki/Asolo
Hanson2016_1042,https://en.wikipedia.org/wiki/Adria
Hanson2016_1043,https://en.wikipedia.org/wiki/Labin
Hanson2016_1044,https://en.wikipedia.org/wiki/Altinum
Hanson2016_1045,https://en.wikipedia.org/wiki/Aquileia
Hanson2016_1046,https://en.wikipedia.org/wiki/Ateste
Hanson2016_1047,https://en.wikipedia.org/wiki/Belluno
Hanson2016_1048,https://en.wikipedia.org/wiki/Brescia
Hanson2016_1049,https://en.wikipedia.org/wiki/Special:Search?search=Concordia%20ancient%20Roman%20city
Hanson2016_1050,https://en.wikipedia.org/wiki/Emona
Hanson2016_1051,https://en.wikipedia.org/wiki/Feltre
Hanson2016_1052,https://en.wikipedia.org/wiki/Plomin
Hanson2016_1053,https://en.wikipedia.org/wiki/Cividale_del_Friuli
Hanson2016_1054,https://en.wikipedia.org/wiki/Zuglio
Hanson2016_1055,https://en.wikipedia.org/wiki/Mantua
Hanson2016_1056,https://en.wikipedia.org/wiki/Nesactium
Hanson2016_1057,https://en.wikipedia.org/wiki/Oderzo
Hanson2016_1058,https://en.wikipedia.org/wiki/Pore%C4%8D
Hanson2016_1059,https://en.wikipedia.org/wiki/Padua
Hanson2016_1060,https://en.wikipedia.org/wiki/Pula
Hanson2016_1061,https://en.wikipedia.org/wiki/Treviso
Hanson2016_1062,https://en.wikipedia.org/wiki/Trieste
Hanson2016_1063,https://en.wikipedia.org/wiki/Trento
Hanson2016_1064,https://en.wikipedia.org/wiki/Special:Search?search=Urbana%20ancient%20Roman%20city
Hanson2016_1065,https://en.wikipedia.org/wiki/Verona
Hanson2016_1066,https://en.wikipedia.org/wiki/Vicenza
Hanson2016_1067,https://en.wikipedia.org/wiki/Bergamo
Hanson2016_1068,https://en.wikipedia.org/wiki/Como
Hanson2016_1069,https://en.wikipedia.org/wiki/Ivrea
Hanson2016_1070,https://en.wikipedia.org/wiki/Lomello
Hanson2016_1071,https://en.wikipedia.org/wiki/Lodi_Vecchio
Hanson2016_1072,https://en.wikipedia.org/wiki/Milan
Hanson2016_1073,https://en.wikipedia.org/wiki/Novara
Hanson2016_1074,https://en.wikipedia.org/wiki/Ticinum
Hanson2016_1075,https://en.wikipedia.org/wiki/Vercelli
Hanson2016_1076,https://en.wikipedia.org/wiki/Aeminium
Hanson2016_1077,https://en.wikipedia.org/wiki/Augusta_Emerita
Hanson2016_1078,https://en.wikipedia.org/wiki/Ochroma
Hanson2016_1079,https://en.wikipedia.org/wiki/Talavera_de_la_Reina
Hanson2016_1080,https://en.wikipedia.org/wiki/C%C3%A1parra
Hanson2016_1081,https://en.wikipedia.org/wiki/Con%C3%ADmbriga
Hanson2016_1082,https://en.wikipedia.org/wiki/Ebora_Liberalitas_Julia
Hanson2016_1083,https://en.wikipedia.org/wiki/Idanha-a-Velha
Hanson2016_1084,https://en.wikipedia.org/wiki/Special:Search?search=Lacimurga%20ancient%20Roman%20city
Hanson2016_1085,https://en.wikipedia.org/wiki/Medell%C3%ADn%2C_Spain
Hanson2016_1086,https://en.wikipedia.org/wiki/Santiago_do_Cac%C3%A9m
Hanson2016_1087,https://en.wikipedia.org/wiki/M%C3%A9rtola
Hanson2016_1088,https://en.wikipedia.org/wiki/Special:Search?search=Norba%20Caesarina%20ancient%20Roman%20city
Hanson2016_1089,https://en.wikipedia.org/wiki/Olisipo
Hanson2016_1090,https://en.wikipedia.org/wiki/Special:Search?search=Ossonoba%20ancient%20Roman%20city
Hanson2016_1091,https://en.wikipedia.org/wiki/Pax_Julia
Hanson2016_1092,https://en.wikipedia.org/wiki/Salacia
Hanson2016_1093,https://en.wikipedia.org/wiki/Salamanca
Hanson2016_1094,https://en.wikipedia.org/wiki/Scalabis
Hanson2016_1095,https://en.wikipedia.org/wiki/Tr%C3%B3ia_Peninsula
Hanson2016_1096,https://en.wikipedia.org/wiki/Adada
Hanson2016_1097,https://en.wikipedia.org/wiki/Antiphellus
Hanson2016_1098,https://en.wikipedia.org/wiki/Special:Search?search=Apollonia%20ancient%20Roman%20city
Hanson2016_1099,https://en.wikipedia.org/wiki/Special:Search?search=Apollonia%20ancient%20Roman%20city
Hanson2016_1100,https://en.wikipedia.org/wiki/Ariassus
Hanson2016_1101,https://en.wikipedia.org/wiki/Arycanda
Hanson2016_1102,https://en.wikipedia.org/wiki/Aspendos
Hanson2016_1103,https://en.wikipedia.org/wiki/Antalya
Hanson2016_1104,https://en.wikipedia.org/wiki/Special:Search?search=Attalea%20ancient%20Roman%20city
Hanson2016_1105,https://en.wikipedia.org/wiki/Balbura
Hanson2016_1106,https://en.wikipedia.org/wiki/Bubon
Hanson2016_1107,https://en.wikipedia.org/wiki/Cadyanda
Hanson2016_1108,https://en.wikipedia.org/wiki/Kandyba
Hanson2016_1109,https://en.wikipedia.org/wiki/Cibyra
Hanson2016_1110,https://en.wikipedia.org/wiki/Comama
Hanson2016_1111,https://en.wikipedia.org/wiki/Corycus
Hanson2016_1112,https://en.wikipedia.org/wiki/Special:Search?search=Corydalla%20ancient%20Roman%20city
Hanson2016_1113,https://en.wikipedia.org/wiki/Cremna
Hanson2016_1114,https://en.wikipedia.org/wiki/Cyaneae
Hanson2016_1115,https://en.wikipedia.org/wiki/Gagae
Hanson2016_1116,https://en.wikipedia.org/wiki/Special:Search?search=Idebessus%20ancient%20Roman%20city
Hanson2016_1117,https://en.wikipedia.org/wiki/Limyra
Hanson2016_1118,https://en.wikipedia.org/wiki/Lydae
Hanson2016_1119,https://en.wikipedia.org/wiki/Milyas
Hanson2016_1120,https://en.wikipedia.org/wiki/Myra
Hanson2016_1121,https://en.wikipedia.org/wiki/Special:Search?search=Nisa%20ancient%20Roman%20city
Hanson2016_1122,https://en.wikipedia.org/wiki/Oenoanda
Hanson2016_1123,https://en.wikipedia.org/wiki/Olba_%28ancient_city%29
Hanson2016_1124,https://en.wikipedia.org/wiki/Special:Search?search=Olympus%20ancient%20Roman%20city
Hanson2016_1125,https://en.wikipedia.org/wiki/Parlais
Hanson2016_1126,https://en.wikipedia.org/wiki/Special:Search?search=Patara%20ancient%20Roman%20city
Hanson2016_1127,https://en.wikipedia.org/wiki/Pednelissus
Hanson2016_1128,https://en.wikipedia.org/wiki/Perga
Hanson2016_1129,https://en.wikipedia.org/wiki/Phaselis
Hanson2016_1130,https://en.wikipedia.org/wiki/Phellus
Hanson2016_1131,https://en.wikipedia.org/wiki/Pinara
Hanson2016_1132,https://en.wikipedia.org/wiki/Rhodiapolis
Hanson2016_1133,https://en.wikipedia.org/wiki/Sagalassos
Hanson2016_1134,https://en.wikipedia.org/wiki/Seleucia
Hanson2016_1135,https://en.wikipedia.org/wiki/Selge
Hanson2016_1136,https://en.wikipedia.org/wiki/Special:Search?search=Side%20ancient%20Roman%20city
Hanson2016_1137,https://en.wikipedia.org/wiki/Sidyma
Hanson2016_1138,https://en.wikipedia.org/wiki/Special:Search?search=Sillyum%20ancient%20Roman%20city
Hanson2016_1139,https://en.wikipedia.org/wiki/Simena
Hanson2016_1140,https://en.wikipedia.org/wiki/Telmessos
Hanson2016_1141,https://en.wikipedia.org/wiki/Tenedos
Hanson2016_1142,https://en.wikipedia.org/wiki/Termessos
Hanson2016_1143,https://en.wikipedia.org/wiki/Tlos
Hanson2016_1144,https://en.wikipedia.org/wiki/Trebenna
Hanson2016_1145,https://en.wikipedia.org/wiki/K%C4%B1n%C4%B1k
Hanson2016_1146,https://en.wikipedia.org/wiki/Amantia
Hanson2016_1147,https://en.wikipedia.org/wiki/Amphipolis
Hanson2016_1148,https://en.wikipedia.org/wiki/Special:Search?search=Apollonia%20ancient%20Roman%20city
Hanson2016_1149,https://en.wikipedia.org/wiki/Beroea
Hanson2016_1150,https://en.wikipedia.org/wiki/Byllis
Hanson2016_1151,https://en.wikipedia.org/wiki/Cassandreia
Hanson2016_1152,https://en.wikipedia.org/wiki/Dion%2C_Pieria
Hanson2016_1153,https://en.wikipedia.org/wiki/Durr%C3%ABs
Hanson2016_1154,https://en.wikipedia.org/wiki/Edessa
Hanson2016_1155,https://en.wikipedia.org/wiki/Bitola
Hanson2016_1156,https://en.wikipedia.org/wiki/Ohrid
Hanson2016_1157,https://en.wikipedia.org/wiki/Kavala
Hanson2016_1158,https://en.wikipedia.org/wiki/Pella
Hanson2016_1159,https://en.wikipedia.org/wiki/Philippi
Hanson2016_1160,https://en.wikipedia.org/wiki/Stobi
Hanson2016_1161,https://en.wikipedia.org/wiki/Thasos
Hanson2016_1162,https://en.wikipedia.org/wiki/Thessaloniki
Hanson2016_1163,https://en.wikipedia.org/wiki/Toroni
Hanson2016_1164,https://en.wikipedia.org/wiki/Hammam_Guergour
Hanson2016_1165,https://en.wikipedia.org/wiki/Hammam_Righa
Hanson2016_1166,https://en.wikipedia.org/wiki/Arsennaria
Hanson2016_1167,https://en.wikipedia.org/wiki/Auzia
Hanson2016_1168,https://en.wikipedia.org/wiki/Bida
Hanson2016_1169,https://en.wikipedia.org/wiki/Cartennae
Hanson2016_1170,https://en.wikipedia.org/wiki/Ziama_Massif
Hanson2016_1171,https://en.wikipedia.org/wiki/Dj%C3%A9mila
Hanson2016_1172,https://en.wikipedia.org/wiki/Diana_Veteranorum
Hanson2016_1173,https://en.wikipedia.org/wiki/Gunugus
Hanson2016_1174,https://en.wikipedia.org/wiki/Icosium
Hanson2016_1175,https://en.wikipedia.org/wiki/Igilgili
Hanson2016_1176,https://en.wikipedia.org/wiki/Cherchell
Hanson2016_1177,https://en.wikipedia.org/wiki/Iomnium
Hanson2016_1178,https://en.wikipedia.org/wiki/Merouana
Hanson2016_1179,https://en.wikipedia.org/wiki/Milev
Hanson2016_1180,https://en.wikipedia.org/wiki/Special:Search?search=Mopthensium%20ancient%20Roman%20city
Hanson2016_1181,https://en.wikipedia.org/wiki/A%C3%AFn_Defla
Hanson2016_1182,https://en.wikipedia.org/wiki/Arzew
Hanson2016_1183,https://en.wikipedia.org/wiki/Quiza_Xenitana
Hanson2016_1184,https://en.wikipedia.org/wiki/Rapidum
Hanson2016_1185,https://en.wikipedia.org/wiki/Rusazus
Hanson2016_1186,https://en.wikipedia.org/wiki/Tamentfoust
Hanson2016_1187,https://en.wikipedia.org/wiki/Rusippisir
Hanson2016_1188,https://en.wikipedia.org/wiki/Dellys
Hanson2016_1189,https://en.wikipedia.org/wiki/Saldae
Hanson2016_1190,https://en.wikipedia.org/wiki/Siga
Hanson2016_1191,https://en.wikipedia.org/wiki/Setifis
Hanson2016_1192,https://en.wikipedia.org/wiki/Tigava
Hanson2016_1193,https://en.wikipedia.org/wiki/Tipasa
Hanson2016_1194,https://en.wikipedia.org/wiki/Tubusuctu
Hanson2016_1195,https://en.wikipedia.org/wiki/Special:Search?search=Uzelis%20ancient%20Roman%20city
Hanson2016_1196,https://en.wikipedia.org/wiki/Zuccabar
Hanson2016_1197,https://en.wikipedia.org/wiki/Special:Search?search=Banasa%20ancient%20Roman%20city
Hanson2016_1198,https://en.wikipedia.org/wiki/Lixus_%28ancient_city%29
Hanson2016_1199,https://en.wikipedia.org/wiki/Rusadir
Hanson2016_1200,https://en.wikipedia.org/wiki/Rabat
Hanson2016_1201,https://en.wikipedia.org/wiki/Thamusida
Hanson2016_1202,https://en.wikipedia.org/wiki/Tingi
Hanson2016_1203,https://en.wikipedia.org/wiki/Volubilis
Hanson2016_1204,https://en.wikipedia.org/wiki/Asilah
Hanson2016_1205,https://en.wikipedia.org/wiki/Mangalia
Hanson2016_1206,https://en.wikipedia.org/wiki/Silistra
Hanson2016_1207,https://en.wikipedia.org/wiki/Histria_%28ancient_city%29
Hanson2016_1208,https://en.wikipedia.org/wiki/Marcianopolis
Hanson2016_1209,https://en.wikipedia.org/wiki/Mesembria
Hanson2016_1210,https://en.wikipedia.org/wiki/Nicopolis
Hanson2016_1211,https://en.wikipedia.org/wiki/Nova
Hanson2016_1212,https://en.wikipedia.org/wiki/Varna%2C_Bulgaria
Hanson2016_1213,https://en.wikipedia.org/wiki/Oescus
Hanson2016_1214,https://en.wikipedia.org/wiki/Constan%C8%9Ba
Hanson2016_1215,https://en.wikipedia.org/wiki/Troesmis
Hanson2016_1216,https://en.wikipedia.org/wiki/Tropaeum_Traiani
Hanson2016_1217,https://en.wikipedia.org/wiki/Special:Search?search=Dard%20ancient%20Roman%20city
Hanson2016_1218,https://en.wikipedia.org/wiki/Drobeta
Hanson2016_1219,https://en.wikipedia.org/wiki/Special:Search?search=Margum%20ancient%20Roman%20city
Hanson2016_1220,https://en.wikipedia.org/wiki/Montana
Hanson2016_1221,https://en.wikipedia.org/wiki/Ni%C5%A1
Hanson2016_1222,https://en.wikipedia.org/wiki/Ratiaria
Hanson2016_1223,https://en.wikipedia.org/wiki/Remesiana
Hanson2016_1224,https://en.wikipedia.org/wiki/Scupi
Hanson2016_1225,https://en.wikipedia.org/wiki/Singidunum
Hanson2016_1226,https://en.wikipedia.org/wiki/Ulpiana
Hanson2016_1227,https://en.wikipedia.org/wiki/Viminacium
Hanson2016_1228,https://en.wikipedia.org/wiki/Viminacium
Hanson2016_1229,https://en.wikipedia.org/wiki/Aguntum
Hanson2016_1230,https://en.wikipedia.org/wiki/Special:Search?search=Cetium%20ancient%20Roman%20city
Hanson2016_1231,https://en.wikipedia.org/wiki/Flavia_Solva
Hanson2016_1232,https://en.wikipedia.org/wiki/Salzburg
Hanson2016_1233,https://en.wikipedia.org/wiki/Lauriacum
Hanson2016_1234,https://en.wikipedia.org/wiki/Wels
Hanson2016_1235,https://en.wikipedia.org/wiki/Ptuj
Hanson2016_1236,https://en.wikipedia.org/wiki/Teurnia
Hanson2016_1237,https://en.wikipedia.org/wiki/Virunum
Hanson2016_1238,https://en.wikipedia.org/wiki/Althiburos
Hanson2016_1239,https://en.wikipedia.org/wiki/Ha%C3%AFdra
Hanson2016_1240,https://en.wikipedia.org/wiki/Assuras
Hanson2016_1241,https://en.wikipedia.org/wiki/Bulla_Regia
Hanson2016_1242,https://en.wikipedia.org/wiki/Guelma
Hanson2016_1243,https://en.wikipedia.org/wiki/Special:Search?search=Chullu%20ancient%20Roman%20city
Hanson2016_1244,https://en.wikipedia.org/wiki/Cirta
Hanson2016_1245,https://en.wikipedia.org/wiki/Special:Search?search=Civitas%20Nattabutum%20ancient%20Roman%20city
Hanson2016_1246,https://en.wikipedia.org/wiki/Hippo_Regius
Hanson2016_1247,https://en.wikipedia.org/wiki/Lambaesis
Hanson2016_1248,https://en.wikipedia.org/wiki/Special:Search?search=Lambiridi%20ancient%20Roman%20city
Hanson2016_1249,https://en.wikipedia.org/wiki/Lares
Hanson2016_1250,https://en.wikipedia.org/wiki/Madauros
Hanson2016_1251,https://en.wikipedia.org/wiki/Mascula
Hanson2016_1252,https://en.wikipedia.org/wiki/Special:Search?search=Musti%20ancient%20Roman%20city
Hanson2016_1253,https://en.wikipedia.org/wiki/Anomis
Hanson2016_1254,https://en.wikipedia.org/wiki/El_Kef
Hanson2016_1255,https://en.wikipedia.org/wiki/Chemtou
Hanson2016_1256,https://en.wikipedia.org/wiki/Tabarka
Hanson2016_1257,https://en.wikipedia.org/wiki/Special:Search?search=Thala%20ancient%20Roman%20city
Hanson2016_1258,https://en.wikipedia.org/wiki/Timgad
Hanson2016_1259,https://en.wikipedia.org/wiki/Theveste
Hanson2016_1260,https://en.wikipedia.org/wiki/Thibilis
Hanson2016_1261,https://en.wikipedia.org/wiki/Thuburnica
Hanson2016_1262,https://en.wikipedia.org/wiki/Thubursicum
Hanson2016_1263,https://en.wikipedia.org/wiki/Special:Search?search=Thunusidum%20ancient%20Roman%20city
Hanson2016_1264,https://en.wikipedia.org/wiki/Tiddis
Hanson2016_1265,https://en.wikipedia.org/wiki/Henchir-Ed-Douam%C3%A8s
Hanson2016_1266,https://en.wikipedia.org/wiki/Special:Search?search=Verecunda%20ancient%20Roman%20city
Hanson2016_1267,https://en.wikipedia.org/wiki/Aquincum
Hanson2016_1268,https://en.wikipedia.org/wiki/Acritoscincus
Hanson2016_1269,https://en.wikipedia.org/wiki/Sz%C5%91ny
Hanson2016_1270,https://en.wikipedia.org/wiki/Vinkovci
Hanson2016_1271,https://en.wikipedia.org/wiki/T%C3%A1c
Hanson2016_1272,https://en.wikipedia.org/wiki/Mursa
Hanson2016_1273,https://en.wikipedia.org/wiki/Sirmium
Hanson2016_1274,https://en.wikipedia.org/wiki/Andautonia
Hanson2016_1275,https://en.wikipedia.org/wiki/Daruvar
Hanson2016_1276,https://en.wikipedia.org/wiki/Acritoscincus
Hanson2016_1277,https://en.wikipedia.org/wiki/Carnuntum
Hanson2016_1278,https://en.wikipedia.org/wiki/Carnuntum
Hanson2016_1279,https://en.wikipedia.org/wiki/Celje
Hanson2016_1280,https://en.wikipedia.org/wiki/T%C3%BCskev%C3%A1r
Hanson2016_1281,https://en.wikipedia.org/wiki/Drnovo
Hanson2016_1282,https://en.wikipedia.org/wiki/Szombathely
Hanson2016_1283,https://en.wikipedia.org/wiki/Sopron
Hanson2016_1284,https://en.wikipedia.org/wiki/Sisak
Hanson2016_1285,https://en.wikipedia.org/wiki/P%C3%A9cs
Hanson2016_1286,https://en.wikipedia.org/wiki/Vindobona
Hanson2016_1287,https://en.wikipedia.org/wiki/Abodiacum
Hanson2016_1288,https://en.wikipedia.org/wiki/Augsburg
Hanson2016_1289,https://en.wikipedia.org/wiki/Bregenz
Hanson2016_1290,https://en.wikipedia.org/wiki/Kempten
Hanson2016_1291,https://en.wikipedia.org/wiki/Curia
Hanson2016_1292,https://en.wikipedia.org/wiki/Akrai
Hanson2016_1293,https://en.wikipedia.org/wiki/Adrano
Hanson2016_1294,https://en.wikipedia.org/wiki/Agrigento
Hanson2016_1295,https://en.wikipedia.org/wiki/Agyrium
Hanson2016_1296,https://en.wikipedia.org/wiki/Special:Search?search=Apollonia%20ancient%20Roman%20city
Hanson2016_1297,https://en.wikipedia.org/wiki/Kamarina%2C_Sicily
Hanson2016_1298,https://en.wikipedia.org/wiki/Catania
Hanson2016_1299,https://en.wikipedia.org/wiki/Centuripe
Hanson2016_1300,https://en.wikipedia.org/wiki/Drepana
Hanson2016_1301,https://en.wikipedia.org/wiki/Enna
Hanson2016_1302,https://en.wikipedia.org/wiki/Erice
Hanson2016_1303,https://en.wikipedia.org/wiki/Halaesa
Hanson2016_1304,https://en.wikipedia.org/wiki/San_Marco_d%27Alunzio
Hanson2016_1305,https://en.wikipedia.org/wiki/Helorus
Hanson2016_1306,https://en.wikipedia.org/wiki/Eraclea
Hanson2016_1307,https://en.wikipedia.org/wiki/Himera
Hanson2016_1308,https://en.wikipedia.org/wiki/Lentini
Hanson2016_1309,https://en.wikipedia.org/wiki/Marsala
Hanson2016_1310,https://en.wikipedia.org/wiki/Lipari
Hanson2016_1311,https://en.wikipedia.org/wiki/Melite_%28ancient_city%29
Hanson2016_1312,https://en.wikipedia.org/wiki/Messina
Hanson2016_1313,https://en.wikipedia.org/wiki/Morgantina
Hanson2016_1314,https://en.wikipedia.org/wiki/Milazzo
Hanson2016_1315,https://en.wikipedia.org/wiki/Netum
Hanson2016_1316,https://en.wikipedia.org/wiki/Palermo
Hanson2016_1317,https://en.wikipedia.org/wiki/Licata
Hanson2016_1318,https://en.wikipedia.org/wiki/Segesta
Hanson2016_1319,https://en.wikipedia.org/wiki/Soluntum
Hanson2016_1320,https://en.wikipedia.org/wiki/Syracuse%2C_Sicily
Hanson2016_1321,https://en.wikipedia.org/wiki/Taormina
Hanson2016_1322,https://en.wikipedia.org/wiki/Tindari
Hanson2016_1323,https://en.wikipedia.org/wiki/Acre
Hanson2016_1324,https://en.wikipedia.org/wiki/Antakya
Hanson2016_1325,https://en.wikipedia.org/wiki/Apamea
Hanson2016_1326,https://en.wikipedia.org/wiki/Apamea
Hanson2016_1327,https://en.wikipedia.org/wiki/Aradus
Hanson2016_1328,https://en.wikipedia.org/wiki/Miniara
Hanson2016_1329,https://en.wikipedia.org/wiki/Suru%C3%A7
Hanson2016_1330,https://en.wikipedia.org/wiki/Beroea
Hanson2016_1331,https://en.wikipedia.org/wiki/Berytus
Hanson2016_1332,https://en.wikipedia.org/wiki/Byblos
Hanson2016_1333,https://en.wikipedia.org/wiki/Cyrrhus
Hanson2016_1334,https://en.wikipedia.org/wiki/Damascus
Hanson2016_1335,https://en.wikipedia.org/wiki/Homs
Hanson2016_1336,https://en.wikipedia.org/wiki/Special:Search?search=Gabala%20ancient%20Roman%20city
Hanson2016_1337,https://en.wikipedia.org/wiki/Baalbek
Hanson2016_1338,https://en.wikipedia.org/wiki/Latakia
Hanson2016_1339,https://en.wikipedia.org/wiki/Amrit
Hanson2016_1340,https://en.wikipedia.org/wiki/Palmyra
Hanson2016_1341,https://en.wikipedia.org/wiki/Banias
Hanson2016_1342,https://en.wikipedia.org/wiki/Philadelphia
Hanson2016_1343,https://en.wikipedia.org/wiki/Samsat
Hanson2016_1344,https://en.wikipedia.org/wiki/Seleucia
Hanson2016_1345,https://en.wikipedia.org/wiki/Sidon
Hanson2016_1346,https://en.wikipedia.org/wiki/Special:Search?search=Tripolis%20ancient%20Roman%20city
Hanson2016_1347,https://en.wikipedia.org/wiki/Special:Search?search=Tyrus%20ancient%20Roman%20city
Hanson2016_1348,https://en.wikipedia.org/wiki/Queen_of_Sheba
Hanson2016_1349,https://en.wikipedia.org/wiki/Aelia_Capitolina
Hanson2016_1350,https://en.wikipedia.org/wiki/Anthedon_%28Palestine%29
Hanson2016_1351,https://en.wikipedia.org/wiki/Antipatris
Hanson2016_1352,https://en.wikipedia.org/wiki/Apollonia%E2%80%93Arsuf
Hanson2016_1353,https://en.wikipedia.org/wiki/Ascalon
Hanson2016_1354,https://en.wikipedia.org/wiki/Special:Search?search=Azotos%20ancient%20Roman%20city
Hanson2016_1355,https://en.wikipedia.org/wiki/Caesarea_Maritima
Hanson2016_1356,https://en.wikipedia.org/wiki/Special:Search?search=Dora%20ancient%20Roman%20city
Hanson2016_1357,https://en.wikipedia.org/wiki/Bayt_Jibrin
Hanson2016_1358,https://en.wikipedia.org/wiki/Emmaus
Hanson2016_1359,https://en.wikipedia.org/wiki/Special:Search?search=Gaza%20ancient%20Roman%20city
Hanson2016_1360,https://en.wikipedia.org/wiki/Lod
Hanson2016_1361,https://en.wikipedia.org/wiki/Special:Search?search=Marissa%20ancient%20Roman%20city
Hanson2016_1362,https://en.wikipedia.org/wiki/Nablus
Hanson2016_1363,https://en.wikipedia.org/wiki/Pella
Hanson2016_1364,https://en.wikipedia.org/wiki/Fasayil
Hanson2016_1365,https://en.wikipedia.org/wiki/Samaria
Hanson2016_1366,https://en.wikipedia.org/wiki/Beit_She%27an
Hanson2016_1367,https://en.wikipedia.org/wiki/Sepphoris
Hanson2016_1368,https://en.wikipedia.org/wiki/Tiberias
Hanson2016_1369,https://en.wikipedia.org/wiki/Abdera%2C_Thrace
Hanson2016_1370,https://en.wikipedia.org/wiki/Enez
Hanson2016_1371,https://en.wikipedia.org/wiki/Special:Search?search=Anchialus%20ancient%20Roman%20city
Hanson2016_1372,https://en.wikipedia.org/wiki/Special:Search?search=Aprus%20ancient%20Roman%20city
Hanson2016_1373,https://en.wikipedia.org/wiki/Beroea
Hanson2016_1374,https://en.wikipedia.org/wiki/Vize
Hanson2016_1375,https://en.wikipedia.org/wiki/Byzantium
Hanson2016_1376,https://en.wikipedia.org/wiki/Cabyle
Hanson2016_1377,https://en.wikipedia.org/wiki/Develtos
Hanson2016_1378,https://en.wikipedia.org/wiki/Special:Search?search=Diocletianopolis%20ancient%20Roman%20city
Hanson2016_1379,https://en.wikipedia.org/wiki/Kadirli
Hanson2016_1380,https://en.wikipedia.org/wiki/Edirne
Hanson2016_1381,https://en.wikipedia.org/wiki/Special:Search?search=Heraclea%20ancient%20Roman%20city
Hanson2016_1382,https://en.wikipedia.org/wiki/Maroneia
Hanson2016_1383,https://en.wikipedia.org/wiki/Nicopolis
Hanson2016_1384,https://en.wikipedia.org/wiki/Pautalia
Hanson2016_1385,https://en.wikipedia.org/wiki/Plovdiv
Hanson2016_1386,https://en.wikipedia.org/wiki/Samothrace
Hanson2016_1387,https://en.wikipedia.org/wiki/Serdica
Hanson2016_1388,https://en.wikipedia.org/wiki/Seuthopolis
